Y,X1,X2,X3,X4,X5,X6,X7,X8
5,80,2,1,1,1,10,7,0
5,84,6,1,1,1,10,7,2
5,160,2,1,1,1,2,7,4
5,98,6,1,1,1,10,7,0
5,200,2,1,1,1,3,7,3
5,96,2,1,1,1,2,7,3
5,56,2,1,1,1,10,7,1
5,96,2,1,1,1,10,7,4
5,150,6,1,1,1,2,7,3
5,24,2,1,1,1,2,7,2
5,18,5,3,1,1,2,7,0
5,48,5,3,1,1,2,7,1
5,50,5,3,1,1,2,7,1
5,96,4,1,1,1,10,7,1
5,48,5,3,1,1,2,7,2
5,66,4,1,1,1,2,7,1
5,108,4,1,1,1,2,7,1
5,30,5,3,1,1,2,7,1
5,36,5,3,1,1,2,7,1
5,20,5,3,1,1,2,7,1
5,30,5,3,1,1,10,7,1
5,98,6,1,1,1,10,10,0
5,48,2,6,1,1,10,7,2
5,194,6,1,1,1,10,10,0
5,192,2,1,1,1,1,7,1
5,42,6,1,2,1,10,7,2
5,16,5,3,2,1,10,10,0
5,96,6,1,1,1,10,10,1
5,20,5,3,2,2,10,7,1
5,36,6,3,1,1,10,7,1
5,63,4,1,1,1,3,7,2
5,63,8,6,5,1,10,10,0
5,63,4,1,1,1,3,7,0
5,180,2,1,1,1,3,7,0
5,42,4,1,1,2,3,7,1
5,42,4,1,1,1,3,7,0
5,56,5,3,5,1,10,7,0
5,63,5,1,1,1,10,7,0
5,108,1,1,1,1,2,7,1
5,153,2,1,1,1,3,7,3
5,120,2,1,1,1,3,7,2
5,42,2,1,1,1,2,7,0
5,126,6,1,1,1,3,7,0
5,32,2,1,1,1,2,7,1
5,54,2,1,1,1,2,7,4
5,56,6,1,1,1,3,7,2
1,77,5,3,1,1,10,7,5
5,96,2,1,1,1,3,7,1
5,36,2,1,1,1,2,7,1
1,42,6,1,1,1,10,10,2
5,48,6,1,1,1,3,7,0
1,126,5,1,1,1,3,0,0
5,90,6,1,1,1,3,7,1
1,225,2,1,1,1,3,7,1
1,42,6,1,2,1,3,10,0
5,88,2,1,1,1,3,7,3
5,120,2,1,1,1,3,7,3
5,120,2,1,1,1,2,7,3
5,240,2,1,1,1,2,7,2
5,84,6,1,1,1,3,7,1
5,63,2,1,1,1,3,7,1
5,84,6,1,1,1,3,7,1
5,48,6,1,1,1,3,7,1
5,80,6,1,1,1,3,7,0
5,80,6,1,1,1,3,7,1
5,126,5,3,2,1,2,7,1
5,84,6,1,1,1,2,7,1
5,28,6,3,2,1,3,7,0
5,60,4,1,1,1,10,7,1
5,140,6,1,1,1,3,7,1
1,180,5,1,1,1,3,7,1
5,90,4,1,1,1,2,7,4
5,16,6,1,2,1,3,7,1
5,60,2,1,2,1,3,3,2
5,48,5,1,1,1,10,7,1
5,90,4,1,2,1,2,7,1
5,12,5,3,2,1,3,7,1
5,42,5,3,1,1,3,7,3
5,24,5,3,2,2,3,7,0
5,42,5,3,1,1,3,7,0
5,42,5,3,1,1,3,7,3
5,12,5,3,2,1,3,7,1
5,63,5,3,1,1,3,7,1
5,12,5,3,2,1,3,7,1
5,12,5,3,2,1,3,7,0
5,20,5,3,2,1,3,7,0
5,64,6,1,1,1,10,7,0
5,42,5,1,1,1,10,7,1
5,30,5,3,2,1,10,7,1
5,96,4,1,1,1,3,7,2
5,56,4,1,5,1,10,7,2
5,70,4,1,1,1,3,7,3
5,120,4,1,1,1,3,7,4
5,84,5,3,2,1,3,7,1
5,189,5,1,1,1,3,7,0
1,108,6,1,1,1,2,7,2
5,48,5,1,5,1,10,10,0
5,63,2,1,5,1,10,10,1
5,54,4,1,1,1,3,10,0
5,30,8,6,3,5,10,10,0
5,42,4,6,1,5,10,10,0
5,42,4,3,3,2,10,10,0
5,35,4,3,1,3,10,10,0
5,90,4,3,1,2,10,10,1
5,125,5,3,1,1,1,7,2
5,60,2,1,1,1,3,7,2
5,110,2,1,1,1,3,7,2
5,42,6,1,1,1,2,7,0
5,30,6,1,2,1,2,7,1
5,20,6,1,2,1,3,7,0
5,80,6,1,2,1,2,7,1
5,84,2,1,1,1,2,7,2
5,40,6,1,1,1,3,7,2
5,30,2,1,1,1,2,7,2
5,81,2,1,1,1,2,7,1
5,72,2,1,1,1,3,7,0
5,60,5,3,1,1,3,7,2
5,35,2,1,1,1,2,7,1
5,80,2,1,1,1,2,7,1
5,50,8,3,1,2,3,7,0
5,12,6,1,2,1,2,7,1
5,100,2,1,1,1,3,7,3
5,50,6,1,1,1,3,7,1
5,142,6,1,1,1,3,7,2
5,54,6,1,1,1,3,7,2
5,180,6,1,1,1,3,7,1
5,54,2,1,1,1,3,7,0
5,90,6,1,1,1,3,7,0
5,84,2,1,1,1,3,7,1
5,84,2,1,1,1,3,7,1
5,60,2,1,2,1,3,7,1
1,48,6,3,1,1,3,7,1
5,40,2,1,2,1,3,7,0
5,96,2,1,1,1,3,7,2
5,54,2,1,1,1,3,7,1
5,127,6,1,1,1,3,7,1
5,84,6,1,1,1,2,7,1
5,135,2,1,1,1,3,7,1
5,184,2,1,1,1,3,7,1
5,160,2,1,1,1,10,7,3
5,230,5,1,1,1,2,7,2
5,88,2,1,1,1,2,7,1
5,54,6,1,1,1,3,7,2
5,54,6,1,2,1,3,7,1
5,88,6,1,1,1,2,7,0
5,54,6,1,1,1,10,7,0
5,97,5,1,1,1,3,7,1
5,48,6,1,1,1,3,7,3
5,66,6,3,2,1,10,7,0
5,99,2,1,1,1,3,7,1
5,42,6,1,2,1,3,7,1
5,18,5,3,1,2,2,7,1
5,140,2,1,1,1,2,7,2
5,120,2,1,1,1,3,7,1
5,70,3,1,1,1,2,7,2
5,98,7,1,1,1,2,7,1
5,56,3,1,1,1,2,7,1
5,150,2,1,1,1,2,7,2
5,224,2,1,1,1,3,7,2
5,96,2,1,1,1,2,7,3
5,35,3,3,1,1,3,7,1
5,35,2,1,1,1,2,7,1
5,50,8,1,1,1,3,7,1
5,63,6,1,1,1,2,7,4
5,42,6,1,1,1,3,7,1
5,42,6,1,1,1,3,7,1
5,56,6,1,1,1,3,7,2
5,42,6,1,1,1,3,7,1
1,42,6,1,1,1,3,7,1
5,56,6,1,1,1,3,7,1
5,42,6,1,1,1,3,7,1
5,72,6,1,1,1,3,7,2
5,42,5,1,1,1,3,7,2
5,56,6,1,1,1,3,7,1
5,24,6,3,1,1,3,7,1
5,35,6,3,1,1,3,7,1
5,24,5,3,1,1,3,7,1
5,54,6,1,5,1,3,7,1
5,48,6,1,1,1,3,7,1
5,42,6,1,5,5,10,10,1
1,54,6,1,1,1,3,7,1
5,48,2,1,1,1,3,7,1
5,42,6,1,1,1,3,7,1
5,63,2,1,1,1,3,7,2
5,35,2,1,1,1,3,7,2
5,150,2,1,1,1,3,7,3
5,40,6,1,1,1,3,7,2
5,105,2,1,1,1,3,7,1
5,42,6,1,1,1,3,7,1
5,35,2,1,1,1,3,7,0
5,114,2,1,1,1,2,7,2
5,12,6,1,2,1,2,7,1
5,30,2,1,1,1,2,7,1
1,56,2,1,1,1,3,7,3
5,42,6,1,1,1,3,7,3
5,48,2,1,1,1,2,7,2
5,56,6,1,1,1,2,7,1
5,120,2,1,1,1,3,7,2
5,42,2,1,1,1,3,7,1
1,42,2,1,1,1,3,7,1
5,108,2,1,1,1,3,7,3
5,72,2,1,1,1,3,3,3
5,42,2,1,1,1,2,7,2
5,63,2,1,1,1,3,7,2
5,108,2,1,1,1,2,7,1
5,50,2,1,1,1,3,7,2
5,90,2,1,1,1,3,7,2
5,180,2,1,1,1,3,7,0
5,120,4,1,1,1,1,7,1
5,124,2,1,1,1,2,7,0
5,120,2,1,1,1,3,3,0
5,36,4,1,1,1,3,7,0
5,88,2,1,1,1,3,7,1
5,72,2,1,1,1,3,7,2
5,42,4,1,1,1,3,7,0
5,35,4,1,2,1,3,7,0
5,90,2,1,1,1,10,7,2
5,88,4,1,1,1,3,7,0
5,20,5,3,5,1,3,7,1
5,126,2,1,1,1,3,7,1
5,63,4,1,1,1,3,7,0
5,72,2,1,1,1,3,7,2
1,48,4,1,1,1,3,7,1
5,70,6,1,1,1,3,7,2
5,45,6,1,1,1,3,7,1
5,72,6,1,1,1,3,7,2
5,72,6,1,1,1,3,7,1
1,48,6,1,2,1,3,7,1
5,35,4,1,1,1,3,7,1
5,35,6,1,1,1,2,7,0
5,15,4,1,2,1,3,7,1
5,90,6,1,1,1,3,7,2
5,64,6,1,1,1,2,7,3
1,80,6,1,1,1,3,10,1
5,99,6,1,1,1,3,10,0
1,72,8,3,1,1,10,7,0
5,29,8,3,2,1,10,10,0
5,40,2,1,1,1,3,7,1
5,69,5,3,2,1,10,7,0
5,80,2,1,1,1,2,7,1
5,80,5,3,1,1,10,7,2
5,99,2,1,1,1,2,7,2
5,48,5,3,5,5,10,10,1
5,48,5,3,1,5,10,10,0
5,48,5,3,3,5,10,10,0
5,72,6,1,5,3,10,10,0
5,56,5,3,3,5,10,10,1
5,72,5,3,3,3,10,7,2
5,100,5,3,2,3,10,7,0
5,72,5,3,5,5,10,10,2
5,120,5,3,2,3,10,10,1
5,96,5,3,1,3,10,10,1
5,42,6,1,1,1,10,10,1
5,48,6,1,1,1,10,7,2
5,63,6,3,1,1,10,7,1
5,48,2,1,1,3,10,10,2
5,42,6,1,1,1,10,7,1
5,54,6,1,1,1,10,7,3
5,63,2,1,1,3,10,7,2
5,48,2,1,1,1,10,7,2
5,48,6,1,1,1,10,7,1
5,48,6,1,1,1,10,7,2
5,144,5,1,5,5,7,7,1
5,56,3,6,3,5,10,10,0
5,72,2,1,3,5,7,7,0
5,48,2,1,3,5,7,7,0
5,63,6,1,3,5,7,10,0
5,48,6,1,3,3,7,7,1
5,42,2,1,3,5,7,10,0
5,42,6,3,3,5,7,7,1
5,72,8,3,3,3,7,10,0
1,56,2,1,3,1,7,10,0
1,56,1,1,3,1,7,10,0
1,60,2,1,3,1,7,10,1
5,168,6,1,3,1,7,7,2
1,99,6,4,3,1,7,10,1
1,95,6,1,1,1,7,10,0
1,72,2,1,3,1,6,10,1
1,49,2,1,3,1,7,10,0
1,99,6,1,3,1,7,10,1
1,46,2,1,3,1,7,10,0
5,42,5,3,3,1,8,10,0
5,42,6,1,2,1,7,10,1
5,48,6,1,1,1,7,10,3
5,96,2,1,1,1,8,10,2
5,77,6,1,3,1,7,10,1
5,56,6,1,3,1,7,10,1
5,45,6,1,3,1,8,10,1
5,120,6,1,1,1,7,10,1
5,48,2,1,5,1,8,7,1
1,77,6,1,2,1,10,10,0
1,54,2,1,2,1,10,10,0
1,77,6,1,5,1,10,10,0
1,108,6,1,5,1,10,10,0
1,56,6,1,1,1,10,10,1
1,63,6,1,1,1,10,10,0
1,108,6,1,1,1,10,10,1
1,84,6,1,1,1,10,10,0
1,35,5,3,5,1,10,10,0
5,54,6,3,1,1,10,7,4
5,108,6,1,1,1,10,7,1
1,63,6,1,1,1,10,7,1
1,77,2,1,1,1,10,7,0
1,72,2,1,2,1,10,7,1
1,56,6,1,2,1,10,7,0
1,48,8,1,5,1,10,7,0
5,56,2,1,1,1,10,7,1
1,45,6,1,1,1,10,7,1
1,63,2,1,1,1,10,10,1
1,77,2,1,1,1,10,10,1
5,48,6,1,1,1,10,7,1
5,32,5,3,2,1,3,7,1
5,108,5,1,1,1,3,7,2
5,40,5,1,1,1,3,7,1
5,42,6,1,2,1,3,7,1
5,72,2,1,5,1,3,7,1
5,48,2,1,1,1,3,7,2
5,63,6,1,3,1,3,10,1
5,48,6,1,2,1,3,7,1
5,70,6,1,1,1,3,7,0
5,66,6,1,1,1,3,7,2
5,72,6,1,1,1,10,7,2
5,130,6,1,5,1,3,7,1
5,80,6,1,1,1,10,7,1
5,165,6,1,1,1,10,7,3
5,54,6,1,1,1,3,7,4
5,56,6,1,1,1,10,7,1
5,63,2,1,1,1,3,7,2
5,63,6,1,1,1,3,7,0
5,108,6,1,1,1,3,7,0
5,56,2,1,1,1,3,7,2
5,72,6,1,1,1,10,7,0
5,144,6,1,1,1,10,7,1
1,56,6,1,1,1,10,7,1
5,36,6,1,1,1,10,7,0
1,36,6,1,1,1,10,7,0
5,48,2,1,1,1,10,7,1
5,80,6,1,1,1,10,7,0
1,50,6,1,1,1,10,7,0
5,110,6,1,1,3,10,10,1
5,84,6,1,1,3,5,10,1
5,112,6,1,1,3,5,10,1
5,56,6,1,1,3,5,10,1
5,80,6,1,1,3,5,10,1
5,162,6,1,1,3,10,10,1
5,80,6,1,1,3,5,10,1
5,54,2,1,1,3,5,10,1
5,114,6,1,1,3,5,10,1
5,42,6,3,3,3,10,10,1
5,12,4,1,2,1,1,7,2
5,60,2,1,1,1,3,7,3
1,100,5,3,1,1,3,7,1
1,108,4,1,1,1,3,7,1
1,63,4,1,1,1,3,7,1
5,35,5,3,2,2,10,10,1
5,240,4,1,1,1,2,7,3
1,75,6,1,1,1,3,7,1
1,79,1,1,1,1,2,7,3
1,9,4,1,2,1,2,7,0
1,64,6,1,2,1,2,7,2
5,126,2,1,1,1,3,7,3
5,192,2,1,1,1,2,1,2
5,200,6,1,2,1,1,3,1
5,120,6,1,1,1,2,7,2
5,90,6,1,1,1,2,7,3
5,120,5,1,1,1,3,7,2
1,61,5,1,2,1,2,7,1
5,90,6,1,1,1,1,7,2
5,120,6,1,1,1,2,7,1
1,108,2,1,1,1,3,7,2
1,96,2,1,1,1,3,7,1
5,107,2,1,1,1,3,7,3
1,56,2,1,1,1,3,7,0
5,20,6,3,1,1,2,7,2
5,204,2,1,1,1,2,7,4
5,56,6,1,1,1,3,7,0
5,36,6,1,1,1,3,7,2
5,24,6,1,1,1,1,0,1
5,70,2,1,1,1,2,7,2
1,120,6,1,1,1,8,7,2
5,132,2,1,1,1,2,7,2
1,110,2,1,1,1,3,7,1
1,117,2,1,1,1,8,7,1
5,72,2,1,1,1,8,7,1
1,150,6,1,1,1,10,10,1
1,48,2,1,1,1,10,7,4
5,12,2,1,2,1,2,7,0
5,35,2,1,1,1,2,7,2
5,60,6,1,1,1,2,7,0
5,168,2,1,1,1,2,7,3
1,9,6,3,2,1,2,7,0
1,63,6,1,1,1,10,7,2
5,9,6,1,2,1,10,7,0
1,135,6,1,1,1,3,7,1
5,99,6,1,1,1,3,10,0
1,48,6,1,2,1,10,7,0
5,12,2,1,2,1,2,7,0
5,9,6,3,2,1,2,7,0
1,72,2,1,1,1,2,7,1
1,16,5,3,2,1,2,7,1
1,110,5,3,1,1,2,7,0
1,126,2,1,1,1,2,7,0
1,80,6,1,1,1,2,7,0
1,80,6,1,1,1,2,7,1
1,170,2,1,1,1,2,7,1
5,110,2,1,1,1,2,7,2
1,90,2,1,1,1,2,7,0
1,42,6,3,1,1,2,7,1
1,117,5,1,1,1,2,7,1
5,32,6,3,1,1,2,7,1
1,36,6,3,1,1,2,7,0
5,300,2,1,1,1,2,7,1
5,165,2,1,1,1,2,7,1
5,60,6,1,1,1,2,7,1
5,9,2,1,2,1,2,7,0
1,108,6,1,1,1,2,7,1
1,150,2,1,1,1,2,7,1
1,58,6,1,1,1,3,7,1
1,180,6,1,1,1,2,7,3
1,52,6,1,1,1,2,7,2
5,108,6,1,1,1,10,7,1
1,60,2,1,1,1,3,7,1
5,20,2,1,2,1,2,7,1
1,48,2,1,1,1,2,7,2
5,180,2,1,1,1,2,7,1
5,84,2,1,2,1,3,7,1
5,12,2,1,2,1,2,7,1
1,60,6,1,1,1,3,7,2
5,48,6,1,1,1,2,0,1
5,42,2,1,1,1,3,7,3
1,64,6,1,2,1,3,7,1
5,64,6,1,2,1,4,7,0
5,100,2,1,1,1,1,7,3
5,20,6,3,2,1,2,7,1
5,70,6,1,2,1,2,7,1
5,40,6,1,1,1,2,7,2
5,190,2,1,1,1,3,7,2
5,72,2,1,1,1,2,7,4
5,96,2,1,1,1,3,7,5
5,20,6,3,2,1,2,7,1
5,108,2,1,1,1,2,7,1
5,238,2,1,1,1,2,7,3
5,120,6,1,1,1,5,7,2
5,12,2,1,1,1,1,0,1
5,24,2,1,1,1,2,7,2
1,54,6,1,1,1,3,7,0
5,9,5,3,3,1,2,7,0
5,60,2,1,1,1,2,7,2
5,63,2,1,1,1,2,7,2
5,225,2,1,1,1,2,7,3
5,90,2,1,1,1,3,7,4
5,90,2,1,1,1,2,7,1
5,30,5,3,1,1,2,7,1
5,35,5,3,1,1,2,7,1
5,20,5,3,2,1,2,7,0
5,8,2,1,1,1,10,7,1
5,42,5,3,5,1,2,7,0
1,42,6,3,2,1,2,7,0
1,48,6,6,2,1,2,7,1
5,120,2,1,1,1,2,7,3
5,120,2,1,1,1,2,7,2
1,35,5,3,5,1,2,7,0
5,50,5,1,2,1,2,7,2
5,56,2,1,1,1,2,7,2
5,120,2,1,1,1,2,7,2
5,48,6,3,2,1,2,7,0
1,42,5,3,5,5,2,7,0
5,144,2,1,1,1,2,7,1
5,28,2,1,1,1,2,7,0
5,12,5,3,2,1,2,7,0
1,70,4,1,1,1,10,7,0
5,42,6,3,2,1,2,10,0
1,24,6,3,1,3,8,7,0
1,144,2,1,1,1,2,7,2
1,42,2,1,1,1,4,10,1
1,96,6,1,3,1,5,7,0
5,35,6,3,1,1,2,7,1
1,24,5,3,1,1,2,7,0
1,135,6,1,1,1,3,7,2
5,99,2,1,1,1,10,7,2
5,70,5,3,1,1,2,7,2
5,42,6,3,1,1,3,7,1
5,42,2,1,1,1,3,7,1
5,63,2,1,1,1,3,7,2
5,108,2,1,1,1,10,7,3
5,54,2,1,1,1,10,7,1
5,45,2,1,1,1,2,7,1
5,84,2,1,1,1,10,7,1
5,102,8,1,1,1,7,7,1
1,63,8,3,1,1,7,10,0
5,45,2,1,1,1,10,7,1
5,54,2,1,2,1,10,7,2
1,55,5,3,3,2,7,10,0
1,72,6,1,1,2,10,10,1
1,200,6,1,1,1,6,7,0
1,109,1,1,1,1,6,7,0
5,49,6,3,1,1,2,7,3
5,54,6,1,1,1,10,7,0
1,63,2,1,1,1,10,10,0
5,72,6,1,1,1,8,7,0
5,110,2,1,1,1,2,7,1
5,143,2,1,1,1,2,7,3
1,87,6,1,1,5,7,10,1
1,63,6,1,3,3,8,10,1
1,83,6,1,3,5,7,10,1
1,54,6,1,1,3,7,10,1
5,63,6,3,2,3,7,10,1
5,63,6,3,1,5,7,10,2
1,93,6,1,3,5,7,10,1
5,86,6,1,1,5,7,10,1
1,83,6,3,2,5,7,10,1
5,63,6,1,3,3,8,10,0
5,77,5,3,1,5,7,10,1
5,60,6,1,1,5,7,10,1
5,56,2,1,1,5,7,10,0
1,87,6,3,1,5,7,10,2
1,42,6,3,2,5,7,10,0
1,99,6,1,1,5,7,10,1
1,88,6,1,3,5,7,10,0
1,63,6,3,3,5,7,7,0
5,80,5,7,5,5,7,10,0
1,28,6,3,1,5,5,10,0
1,56,2,1,5,5,5,10,2
1,100,8,3,1,5,5,10,0
1,63,2,1,1,5,5,10,0
5,96,6,1,1,5,5,10,1
1,63,2,1,1,5,5,10,1
1,72,2,1,1,5,5,10,1
5,393,8,1,1,5,7,7,1
5,42,4,1,1,5,7,10,1
1,72,2,1,1,5,5,10,0
1,70,4,1,3,5,6,10,0
1,63,5,3,1,5,10,10,2
1,108,6,1,1,5,10,10,2
1,63,2,1,1,5,10,10,0
1,63,4,1,3,5,6,10,0
1,42,4,1,3,5,6,10,0
1,99,4,1,1,5,10,10,0
1,54,4,1,1,5,10,10,1
1,48,6,1,1,5,10,10,0
1,96,2,1,3,5,10,10,1
5,35,6,1,3,5,10,10,0
5,63,4,1,3,3,10,10,1
1,35,4,3,1,3,10,10,1
5,99,4,1,1,3,10,10,0
1,70,8,1,3,3,10,10,1
1,30,4,1,3,3,10,10,0
1,48,6,1,3,3,10,10,1
1,63,6,1,3,5,10,10,0
1,50,6,1,3,3,10,10,0
1,42,6,1,2,3,5,10,0
1,48,6,1,1,3,5,10,0
1,48,6,1,5,3,5,10,0
1,48,6,1,3,3,5,10,0
1,42,6,1,3,3,5,10,0
5,46,6,1,1,3,5,10,1
1,48,6,1,1,3,5,10,0
1,42,6,1,3,3,5,10,0
1,42,4,1,3,3,5,10,0
1,48,6,1,1,3,5,10,0
1,42,4,1,5,3,5,10,0
1,42,8,1,5,3,5,10,0
1,42,6,1,3,3,5,10,0
1,42,8,1,5,3,5,10,0
1,42,6,1,2,3,5,10,0
1,48,6,1,5,3,5,10,0
1,42,8,1,5,3,5,10,0
1,42,6,3,1,3,5,10,1
1,46,6,1,3,3,5,10,0
1,48,6,1,2,3,5,10,0
1,55,6,1,2,1,2,7,2
1,48,6,3,3,1,2,7,1
1,30,6,3,3,1,5,7,1
5,40,6,1,1,1,2,7,2
5,48,2,1,1,1,2,7,2
1,77,6,1,1,1,2,0,1
5,144,6,1,1,1,2,7,2
5,42,2,1,1,1,10,7,2
5,143,2,1,1,1,2,0,1
5,28,6,3,1,1,2,7,1
5,160,2,1,1,1,10,7,3
5,270,2,1,1,1,6,7,6
5,163,2,1,1,1,2,7,1
5,45,5,3,1,1,2,7,1
5,101,2,1,1,1,10,7,2
5,375,5,3,1,1,2,7,3
5,65,2,1,1,1,2,7,2
1,28,6,1,1,2,5,7,1
5,16,2,1,2,1,2,7,0
1,48,6,3,2,2,2,7,2
5,56,2,1,1,1,2,7,2
5,54,2,1,1,1,5,7,1
1,44,2,1,2,1,10,10,2
1,70,6,1,1,1,5,7,0
5,63,6,3,1,1,2,7,3
5,105,2,1,1,1,2,7,2
1,72,6,1,1,1,5,7,1
5,130,2,1,1,1,5,7,2
5,28,6,1,1,1,2,7,2
5,63,8,1,3,5,10,10,0
5,48,5,3,3,5,10,10,3
5,72,6,1,1,5,10,10,0
5,42,6,3,3,5,10,10,0
5,63,6,1,3,5,10,10,0
5,63,2,1,1,5,10,10,2
5,63,6,1,3,5,10,10,0
5,63,8,3,3,5,10,10,0
5,48,6,3,1,5,10,10,0
5,70,2,1,3,5,10,10,0
5,77,6,1,3,5,10,10,1
5,56,6,1,3,5,10,10,0
5,90,6,1,3,5,10,10,1
5,28,5,3,3,5,10,10,1
5,63,6,1,3,5,10,10,1
5,65,6,1,3,3,10,10,2
5,48,6,3,3,5,10,10,0
5,63,6,1,3,5,10,10,1
1,80,2,1,3,3,9,7,0
1,63,2,1,2,3,9,10,0
5,12,6,3,3,3,10,10,0
5,32,6,1,3,3,8,10,0
1,80,2,1,1,3,9,10,0
1,63,6,1,3,5,6,10,1
1,72,6,1,3,3,10,10,0
1,96,2,1,3,5,10,10,1
1,104,6,1,3,5,6,10,0
1,30,8,3,3,5,6,10,1
1,153,6,1,1,5,6,10,1
1,63,6,1,3,5,6,10,2
1,80,6,1,3,5,6,10,1
1,36,5,3,3,5,6,10,1
1,80,6,1,3,5,10,10,1
1,63,2,1,1,5,6,10,1
1,130,6,1,3,5,10,10,1
1,30,5,3,3,5,10,10,1
1,42,5,3,3,5,10,10,1
1,99,6,1,1,5,10,10,1
1,63,6,1,1,5,6,10,1
1,72,5,3,5,5,10,10,1
1,72,5,3,5,5,10,10,1
1,42,8,3,3,5,10,10,1
5,42,6,1,1,5,10,7,1
1,32,8,3,5,3,10,10,0
1,56,6,3,5,3,10,10,0
1,56,8,3,5,3,10,10,0
1,108,6,1,5,3,10,10,0
1,63,8,1,5,3,10,10,0
1,42,8,3,5,3,10,10,0
1,63,8,3,5,3,10,10,0
1,63,8,1,5,3,10,10,0
1,32,5,3,5,5,10,10,0
1,24,2,1,1,3,7,10,0
5,24,2,1,2,3,7,10,0
1,24,6,1,1,3,7,10,0
1,28,7,3,5,3,7,10,0
1,24,6,3,2,3,7,10,1
1,35,5,3,5,3,7,10,0
1,42,6,1,2,3,7,10,1
1,56,5,3,5,5,7,10,0
1,54,9,7,5,3,7,10,0
1,24,6,1,2,3,5,10,0
1,42,6,3,1,5,6,10,0
1,24,2,1,2,3,5,10,0
1,40,5,3,1,3,5,7,1
1,122,6,1,1,3,5,10,0
1,43,5,3,3,3,5,10,0
1,24,2,1,2,3,5,10,0
1,42,5,3,2,5,7,10,0
1,24,6,3,2,3,5,10,0
1,24,6,3,3,3,5,10,0
1,36,2,1,2,3,7,10,1
1,108,6,4,2,3,7,7,0
1,48,2,1,3,3,7,10,0
1,48,5,1,1,5,7,10,2
5,42,6,3,5,3,7,10,1
1,36,2,3,1,3,7,10,1
5,24,5,3,5,3,7,10,0
1,24,2,1,1,3,7,10,0
1,24,2,1,3,3,7,10,0
1,30,6,3,2,3,5,10,0
1,63,5,3,2,3,7,10,0
1,63,5,3,2,3,5,10,0
1,56,6,4,2,3,5,10,0
1,24,6,1,2,3,5,10,0
1,24,6,1,2,5,5,10,0
1,24,6,1,2,5,5,10,0
1,54,5,3,2,5,5,10,1
1,60,5,3,1,5,7,7,2
1,28,5,3,5,3,5,10,0
1,42,6,3,1,3,9,10,0
1,60,6,3,4,3,9,10,0
1,66,6,3,1,5,9,10,1
1,56,5,3,1,3,9,10,0
1,42,5,3,4,5,9,7,0
1,60,6,3,1,3,9,10,1
5,60,6,3,2,3,9,10,2
5,48,5,3,1,3,9,7,2
1,60,6,3,1,3,9,10,0
1,66,6,3,4,3,9,10,0
1,60,6,3,2,3,9,10,0
1,72,6,3,5,3,9,10,0
1,66,6,3,4,5,9,10,0
1,48,6,3,4,3,9,10,0
1,60,6,3,1,3,9,10,1
1,72,6,3,1,3,9,10,0
1,52,6,3,4,5,9,10,0
1,48,5,4,2,5,9,10,0
1,42,6,3,1,3,9,10,0
1,42,5,7,5,5,9,10,0
1,64,5,3,2,5,5,10,0
1,64,5,3,1,5,9,10,1
5,64,5,3,2,3,9,10,1
1,40,5,7,5,5,7,10,0
1,49,5,3,2,5,9,10,0
1,39,5,3,5,5,9,10,0
1,49,5,3,5,5,9,10,1
1,64,6,3,5,5,9,10,0
5,46,5,3,2,5,9,10,2
5,96,5,3,1,5,8,10,0
5,68,6,3,3,5,8,10,0
5,72,6,3,3,5,8,10,1
5,56,2,6,3,5,8,10,0
5,36,6,3,1,5,8,10,0
5,36,6,3,5,5,8,10,0
5,36,6,3,2,5,8,10,1
5,36,5,3,2,5,8,10,0
1,39,6,3,2,5,9,7,0
1,46,6,3,4,2,9,10,1
1,64,6,1,1,1,9,10,1
1,42,5,3,1,1,9,7,1
1,46,6,3,1,1,9,10,0
1,46,6,3,2,5,9,10,1
1,64,6,3,2,2,9,10,1
1,46,6,3,5,5,9,10,2
1,39,8,3,1,2,9,10,0
1,35,9,7,1,5,8,10,1
1,40,5,3,1,3,8,7,0
1,40,5,3,3,5,8,10,2
1,45,5,6,3,5,8,10,0
1,48,5,7,2,5,8,10,0
5,48,9,7,2,5,8,10,0
1,36,5,3,2,5,8,10,0
1,55,5,3,2,5,6,10,1
1,108,5,3,2,5,8,10,1
5,54,6,3,1,3,5,10,2
5,72,6,4,1,3,5,7,2
5,108,6,3,1,3,5,7,1
1,60,6,3,1,3,9,10,1
1,48,6,3,1,5,9,10,0
1,36,6,3,1,3,9,10,0
5,66,6,3,1,3,5,7,1
1,66,6,3,1,3,5,7,1
1,54,6,3,1,3,9,10,1
1,60,6,3,1,3,5,10,1
1,49,5,3,1,5,9,10,0
5,42,6,3,5,5,8,10,0
5,54,6,1,1,3,9,10,0
5,36,6,4,5,5,9,10,0
5,36,6,3,5,5,9,10,0
5,36,6,3,5,5,9,10,0
5,36,6,3,5,5,9,10,0
5,48,6,3,2,5,9,10,0
5,36,2,1,1,5,9,7,1
5,54,6,3,1,5,9,10,0
5,36,6,3,5,5,9,10,0
1,36,6,1,3,5,9,10,0
5,36,6,1,2,5,9,7,1
5,36,6,1,1,3,9,10,0
5,24,5,3,5,5,9,7,0
5,36,6,3,5,5,9,10,0
5,36,6,3,3,5,9,10,0
5,36,6,3,5,5,9,10,0
5,36,6,3,5,5,9,10,0
1,36,8,3,1,3,9,7,0
1,56,6,1,2,1,9,10,3
5,30,5,3,1,1,9,7,2
1,48,6,3,1,1,9,10,2
1,48,6,1,1,1,9,10,0
5,54,6,1,5,1,9,10,1
1,24,6,3,1,1,9,10,0
1,42,6,1,2,2,9,10,0
1,48,8,7,1,1,9,10,0
5,96,2,1,1,1,2,7,2
5,48,6,3,1,1,9,10,0
5,20,5,3,5,2,9,10,0
5,49,2,1,1,1,2,7,1
5,81,6,1,1,1,9,7,0
1,48,6,1,1,1,9,7,0
1,81,6,1,1,1,9,7,1
5,36,6,1,1,1,2,7,6
5,72,6,1,2,1,9,7,1
5,54,5,3,2,1,9,7,0
5,48,5,3,1,1,9,7,1
1,36,6,1,1,1,9,7,0
5,150,6,4,1,1,2,7,2
5,36,6,3,1,1,9,7,2
5,56,6,3,1,1,9,10,2
5,36,2,3,1,1,9,10,0
5,168,2,1,1,1,9,7,2
5,12,6,3,2,2,2,0,1
5,12,6,3,2,1,2,7,1
5,48,2,1,1,1,9,7,2
5,54,2,3,1,1,9,7,3
1,48,6,3,1,1,9,10,2
1,30,6,3,2,1,9,10,0
5,84,2,3,1,1,9,7,3
5,18,2,1,2,2,2,0,1
1,180,6,3,2,1,9,10,1
5,64,2,3,1,1,2,7,6
1,30,6,3,1,1,9,10,2
1,42,6,3,1,1,9,7,2
5,75,6,3,1,1,9,10,2
5,78,6,3,2,1,5,10,1
5,96,6,1,1,1,5,7,1
5,120,2,3,1,1,2,7,2
1,96,6,1,1,1,7,7,1
5,36,6,1,2,1,6,7,1
5,81,2,1,1,1,2,7,2
5,54,6,1,1,1,5,10,1
5,72,5,3,1,1,5,7,2
5,36,2,1,1,1,2,7,2
5,168,6,1,1,1,9,7,2
5,42,2,1,1,1,9,7,2
5,36,2,1,1,1,9,7,2
5,18,6,1,1,1,9,7,0
5,42,2,1,1,1,9,7,2
5,75,2,1,1,1,4,7,2
5,36,2,1,1,1,9,7,1
5,42,6,1,1,1,9,7,1
5,18,6,3,1,1,9,7,2
5,18,6,3,3,1,9,7,1
5,18,6,3,3,1,9,7,0
5,56,2,1,1,1,9,7,2
5,60,5,3,1,1,9,7,5
5,18,6,3,1,1,9,7,2
5,30,6,1,1,1,9,7,2
5,36,6,1,1,1,9,7,2
5,18,6,3,1,2,9,7,1
5,42,6,1,1,1,2,7,1
1,36,6,1,1,1,9,7,1
1,42,6,1,1,1,9,7,1
1,60,6,1,1,1,9,10,1
5,36,6,1,1,1,9,7,1
1,48,6,1,1,1,7,10,2
1,81,6,3,2,1,9,10,1
1,48,6,3,2,1,9,10,1
5,54,6,1,1,1,9,10,1
1,36,6,1,1,1,9,10,1
1,72,5,3,5,1,9,10,0
5,30,5,3,5,1,9,7,1
5,108,6,3,1,1,9,7,1
1,54,5,3,2,1,9,10,0
5,48,5,3,5,2,9,10,0
1,60,5,3,1,1,9,10,1
1,48,6,3,2,1,9,10,0
5,36,6,3,2,1,9,10,1
5,36,6,3,1,1,9,10,1
5,48,5,3,2,1,9,10,0
1,48,2,1,1,1,9,10,1
5,48,6,1,1,1,9,7,1
1,48,2,1,1,1,9,10,1
5,48,6,1,1,1,9,7,1
5,48,2,1,1,1,9,7,1
1,48,6,1,1,1,9,10,1
1,24,6,1,1,1,9,10,1
1,72,6,3,1,1,9,10,1
5,48,6,3,2,1,9,10,1
5,48,2,1,1,1,9,7,1
5,54,6,1,2,1,9,7,1
1,54,6,3,1,1,9,10,1
1,36,6,3,2,1,9,10,1
1,54,6,3,1,1,9,10,1
1,200,2,1,1,1,2,7,2
5,42,2,1,1,1,9,10,1
5,45,6,1,5,1,9,10,1
1,54,5,3,2,1,9,10,1
1,64,6,1,1,1,9,10,0
5,44,5,3,1,1,9,10,1
5,18,5,3,3,2,9,7,1
5,96,5,3,3,1,9,7,1
5,18,5,3,3,1,9,10,0
5,54,6,3,2,1,2,7,1
5,24,5,3,3,2,9,7,1
1,54,6,1,5,2,9,7,1
1,36,5,3,3,1,9,7,0
1,90,5,3,1,1,9,7,2
1,18,5,3,2,1,9,7,0
5,32,6,1,1,1,9,7,0
5,32,6,3,1,1,9,10,1
1,48,6,1,1,1,9,10,1
1,48,6,3,1,1,9,10,1
5,32,6,1,1,1,9,10,0
1,48,6,1,1,1,9,10,0
1,48,2,1,1,1,9,7,1
5,48,6,1,1,1,9,7,1
5,48,6,3,2,1,9,10,1
5,36,6,3,5,1,9,10,0
5,144,5,3,1,2,9,10,0
5,96,6,3,1,1,9,7,2
5,36,6,1,1,1,9,10,0
1,36,6,1,1,1,9,10,2
1,36,6,1,1,1,9,10,0
5,42,8,3,1,2,9,10,0
5,36,6,1,1,1,9,10,0
1,36,6,1,1,1,9,10,0
5,36,6,1,1,1,9,10,0
1,36,8,3,1,2,9,10,1
5,30,6,1,5,1,9,10,0
5,96,6,1,1,1,9,10,0
5,48,6,1,1,1,9,10,1
5,70,6,1,1,2,9,10,0
5,36,6,1,5,2,9,10,1
5,42,6,3,1,1,9,10,1
1,30,6,3,1,2,9,10,0
5,45,6,1,1,2,9,10,0
1,36,6,1,1,1,9,7,1
1,72,5,3,5,5,9,10,0
5,54,5,7,3,5,9,10,1
5,54,5,3,5,5,9,10,0
5,36,5,7,5,5,10,10,0
5,60,9,3,5,5,9,10,0
5,49,5,3,5,5,10,10,0
5,54,5,3,3,5,9,10,1
1,70,5,3,5,5,10,10,0
1,60,3,3,5,3,10,10,1
5,54,5,3,3,5,9,10,1
1,84,5,3,5,3,10,10,1
5,84,5,3,1,3,2,7,2
5,72,5,3,1,3,10,7,1
5,96,5,3,1,3,2,7,1
5,70,5,3,1,3,2,7,2
5,45,5,3,1,3,2,7,1
5,70,5,3,1,3,2,7,1
5,72,3,3,1,3,2,7,1
5,54,5,3,1,3,2,7,2
5,30,5,3,1,3,2,7,0
1,84,5,3,2,3,10,10,3
5,84,5,3,1,3,10,7,2
5,34,5,3,1,3,10,7,2
5,48,5,3,5,3,10,10,1
1,60,5,3,1,3,2,7,1
1,24,5,3,2,3,10,10,1
5,54,5,3,1,3,2,7,0
5,120,5,3,1,3,2,7,2
5,60,5,3,1,3,10,7,3
1,64,5,3,1,3,10,7,2
5,42,6,3,3,1,4,10,3
5,50,6,3,5,1,4,7,1
5,65,6,3,1,1,2,7,2
1,35,6,3,1,1,4,10,2
5,98,2,1,1,1,4,7,4
5,24,5,3,2,2,2,7,0
5,48,6,3,1,1,2,7,1
5,60,6,1,1,1,2,7,1
5,143,2,1,1,1,2,7,3
5,63,6,1,1,1,4,7,2
1,78,5,3,2,1,4,10,2
5,63,5,3,1,1,4,10,1
5,42,5,3,3,2,4,10,1
5,63,6,3,1,1,4,10,4
5,60,6,3,3,1,5,10,0
5,54,2,1,1,1,4,7,1
5,20,6,1,2,1,2,7,1
5,70,6,1,1,1,4,7,2
1,42,6,3,2,1,2,7,2
5,90,2,1,1,1,4,7,1
5,180,2,3,1,1,4,7,5
5,60,6,1,1,1,4,7,2
1,117,2,1,1,1,4,7,5
5,108,6,1,1,1,2,7,2
5,120,2,1,1,1,4,7,2
5,96,2,1,1,1,4,7,3
1,72,2,1,1,1,2,7,4
1,45,6,1,1,1,5,10,2
5,72,5,3,1,1,2,7,6
1,56,2,1,3,1,2,7,4
1,42,6,3,5,1,9,10,0
1,54,6,1,1,1,2,7,2
1,30,6,1,1,2,9,10,2
5,80,4,1,1,1,7,7,1
1,96,2,1,1,1,8,10,3
1,42,6,3,5,1,10,7,1
5,42,6,3,4,1,2,0,0
5,60,6,1,1,1,2,7,1
5,28,5,3,5,2,9,10,1
5,50,6,1,1,1,2,7,0
5,84,4,1,1,1,2,7,1
5,140,6,1,1,1,2,7,1
5,96,4,1,1,1,2,7,2
1,30,5,3,1,1,2,7,1
5,150,6,1,1,1,2,7,1
5,60,6,1,1,1,2,7,1
5,60,6,3,1,1,2,7,1
5,40,5,3,2,1,2,7,1
5,60,6,1,1,1,2,7,1
1,84,5,3,1,1,2,7,4
5,48,6,1,1,1,4,7,2
5,64,2,1,1,1,4,7,1
5,64,2,1,1,1,4,7,1
5,24,2,1,1,1,2,7,1
1,72,6,3,2,1,6,10,8
5,72,6,1,1,1,4,7,4
5,108,6,1,1,1,4,7,4
5,108,2,1,1,1,4,7,2
5,150,2,1,1,1,2,3,4
5,42,6,1,2,1,2,7,4
5,54,6,3,1,1,2,3,1
5,36,2,1,2,2,2,0,1
5,36,2,1,2,1,2,7,0
5,56,6,3,1,1,7,7,3
5,60,2,1,1,1,2,3,5
5,24,5,3,2,1,2,0,1
5,46,5,3,2,2,2,0,1
5,21,2,1,2,1,2,7,2
1,60,6,3,2,1,4,7,2
5,36,5,3,1,1,2,7,1
5,200,5,3,1,1,1,3,2
5,64,5,3,1,1,2,7,2
5,70,5,3,1,1,2,7,1
5,108,6,3,1,1,2,7,2
1,108,5,3,1,1,2,7,2
5,28,5,3,1,1,2,7,1
5,42,3,3,1,1,2,7,3
5,42,2,1,2,2,2,7,1
5,32,5,3,2,2,2,7,2
1,60,6,1,1,1,2,10,1
5,150,6,1,1,1,4,7,1
5,75,5,3,1,1,2,7,4
5,100,5,3,1,1,2,7,2
5,40,2,1,1,1,1,7,1
5,120,5,3,1,1,2,3,2
1,98,5,3,3,1,2,10,1
5,40,6,3,1,2,2,7,1
5,84,5,3,1,1,4,7,1
5,36,2,1,1,1,2,7,1
1,90,5,3,1,1,2,7,0
5,28,5,3,1,1,2,7,0
5,16,5,3,1,1,2,7,0
5,36,5,3,1,1,2,7,1
5,28,5,3,1,1,2,7,0
5,150,4,3,1,1,2,7,1
5,30,5,3,3,1,2,7,0
5,28,5,3,1,1,2,7,0
1,54,5,3,1,1,2,7,0
5,28,5,3,1,1,2,7,0
1,208,4,1,1,1,2,10,3
5,150,6,1,1,1,4,7,2
5,300,2,1,1,1,4,7,2
5,35,6,3,3,2,4,7,1
5,30,6,3,2,2,2,7,2
1,96,6,3,1,1,7,10,3
5,48,6,1,3,2,4,7,0
5,40,6,1,1,1,4,7,2
5,70,8,3,3,2,2,7,2
5,63,6,3,2,1,10,10,1
5,105,2,1,1,1,4,7,1
5,225,2,1,1,1,4,7,3
5,40,8,3,1,1,2,10,0
5,60,2,1,1,1,1,7,2
5,30,5,3,3,1,2,7,1
5,70,6,3,2,1,2,7,1
5,60,6,3,1,1,2,7,1
5,56,6,1,1,1,2,7,1
5,24,5,3,3,2,2,7,1
5,60,5,3,1,1,4,7,1
5,150,5,3,1,1,2,7,3
5,42,6,1,1,1,4,7,3
5,140,6,1,1,1,2,0,3
1,165,6,1,1,1,4,10,4
5,18,5,3,2,2,2,7,1
5,22,6,1,2,2,2,0,2
5,22,5,3,2,2,2,0,1
5,43,6,3,1,1,4,10,1
5,20,2,1,1,1,2,7,1
5,105,5,3,1,1,5,10,3
5,36,5,3,1,1,1,7,2
5,54,5,5,1,1,4,7,3
5,63,5,3,1,1,2,7,1
5,50,5,5,1,1,4,10,0
5,170,2,1,1,1,2,7,3
5,105,6,3,1,1,4,10,1
5,63,2,1,1,1,2,7,1
5,12,5,3,2,1,2,7,1
5,36,5,3,2,1,2,7,0
5,16,5,3,3,1,2,7,2
5,100,4,1,1,1,2,0,1
1,72,6,3,3,1,4,10,5
1,150,6,1,3,1,2,10,2
5,42,6,3,3,1,2,10,1
5,72,5,3,1,1,2,7,2
5,45,8,3,5,1,2,7,2
5,35,6,3,1,1,7,10,0
5,56,2,1,1,1,4,3,3
5,75,2,3,1,1,2,7,2
5,40,6,3,1,1,2,7,1
5,200,2,1,1,1,4,7,0
1,55,6,1,2,1,4,10,2
5,25,5,3,2,1,2,7,2
5,15,3,3,2,1,2,7,1
5,20,5,3,1,1,2,7,2
5,24,6,3,1,1,2,7,1
5,100,2,1,1,1,5,3,2
5,260,2,1,1,3,5,7,1
5,63,5,3,3,3,5,10,0
5,63,5,3,3,5,10,10,0
5,72,5,3,2,3,4,10,0
5,42,6,3,5,1,5,10,0
5,36,5,3,1,1,5,10,0
5,36,6,3,1,3,10,7,1
5,36,5,3,2,3,10,10,1
5,36,5,3,1,1,5,10,1
5,36,6,3,3,3,10,10,0
5,54,5,3,1,1,5,10,0
5,36,6,3,5,1,5,10,0
5,36,6,3,1,1,5,10,1
5,36,5,3,5,1,9,10,0
5,36,5,3,1,1,10,10,2
5,63,6,3,1,3,5,10,0
5,54,6,3,3,5,5,10,0
5,72,6,3,3,1,5,10,0
5,36,6,1,2,2,6,10,0
5,36,5,3,1,3,5,10,0
5,36,6,3,5,1,5,10,0
5,119,2,1,1,1,5,7,1
5,36,6,3,1,1,5,7,1
5,144,2,1,1,1,4,10,0
5,46,6,3,1,1,5,10,0
5,42,6,3,1,1,5,7,1
5,36,6,3,1,1,5,10,1
5,54,6,3,3,1,5,10,0
5,72,6,1,5,2,5,10,1
5,72,6,3,2,1,5,7,1
5,64,5,3,5,3,10,10,0
5,42,5,7,5,3,10,10,0
5,72,5,3,2,3,10,10,0
5,48,5,7,5,3,10,10,0
5,96,5,3,3,3,10,10,3
5,80,5,3,1,3,10,10,1
5,72,5,3,3,3,9,10,3
5,70,5,5,5,3,10,10,1
5,235,5,3,1,3,10,7,0
5,66,5,7,5,3,10,10,0
5,48,5,3,1,3,10,7,1
5,63,5,7,1,3,9,10,1
5,63,5,3,1,3,10,10,2
5,120,5,3,1,3,2,7,3
5,72,5,3,1,3,10,7,2
5,56,5,3,5,3,10,10,1
5,128,5,3,1,3,10,10,2
5,60,5,3,1,3,10,7,1
5,120,5,7,1,3,10,10,2
1,84,5,3,1,3,10,10,2
1,48,5,3,1,3,10,10,0
1,60,5,3,1,3,10,10,1
5,120,5,3,1,3,10,10,0
1,50,5,3,1,3,2,7,1
1,80,5,3,1,3,10,10,2
5,80,5,3,5,2,10,10,1
5,49,5,3,1,3,10,10,0
5,48,5,3,1,3,10,7,1
1,80,5,3,2,3,10,10,0
5,54,5,3,2,5,9,10,0
5,36,5,3,3,5,9,10,0
5,54,5,3,1,5,9,10,0
5,84,5,3,3,3,9,10,1
5,60,5,3,1,5,9,10,0
5,112,5,3,1,3,9,10,0
5,66,5,3,5,5,9,10,0
5,105,5,3,1,3,9,10,1
5,105,5,3,3,3,9,10,2
5,60,5,3,1,3,9,10,0
5,50,6,3,1,1,2,7,1
5,60,6,3,1,1,2,7,2
5,108,6,3,1,1,2,7,3
5,42,5,3,1,1,10,10,0
5,90,6,3,1,1,10,10,1
5,90,6,3,1,1,7,10,1
1,60,6,3,1,1,10,10,0
5,90,6,3,1,1,7,10,0
5,48,5,1,1,1,10,10,1
5,42,5,3,1,1,2,7,1
5,48,5,3,1,1,10,10,0
5,60,5,3,1,1,10,10,1
5,42,5,3,1,1,10,10,0
5,72,5,3,1,1,10,10,1
5,60,6,3,2,1,6,10,1
5,60,6,3,1,1,10,10,1
5,90,6,3,1,1,10,10,0
5,54,6,3,1,1,10,10,1
5,80,5,3,1,1,10,7,1
5,30,6,3,2,1,2,7,1
5,75,5,3,1,3,10,10,0
5,77,5,3,5,3,10,10,0
5,80,5,3,1,3,10,10,0
5,30,5,3,3,3,10,7,0
5,20,5,3,3,3,10,7,1
5,16,5,3,3,3,10,0,0
5,16,5,3,3,3,10,7,1
5,40,5,3,1,3,1,7,1
5,18,5,3,3,3,1,0,1
5,24,5,3,3,3,1,0,1
5,60,2,1,1,1,10,7,1
5,48,6,3,5,1,10,10,0
5,48,6,1,2,1,2,7,1
5,63,5,3,1,1,2,10,0
5,84,2,1,1,1,2,3,1
5,80,6,3,1,1,7,10,0
5,112,6,3,1,1,10,7,0
5,120,2,1,3,1,2,7,1
5,48,5,3,1,1,10,7,0
5,63,6,3,1,1,10,10,0
5,54,2,1,1,1,5,10,1
5,300,2,1,1,1,1,7,2
5,60,2,1,1,1,2,7,2
5,110,2,1,1,1,2,7,1
5,96,2,1,1,1,2,7,1
5,84,2,1,1,1,5,10,1
5,8,5,3,3,1,2,7,0
1,59,5,3,2,1,5,7,0
5,36,6,3,1,1,2,7,1
5,72,6,3,1,1,2,7,1
5,54,6,3,1,1,2,7,1
5,70,2,1,1,1,2,7,0
5,36,2,3,1,1,2,7,0
5,63,2,3,1,1,2,7,1
5,72,2,1,1,1,2,7,1
5,36,2,3,1,1,2,7,1
5,36,4,3,2,1,5,10,1
5,56,2,3,1,1,2,7,1
5,36,2,3,1,1,2,7,1
5,96,2,1,1,1,1,7,0
5,84,2,1,1,1,5,7,2
5,48,6,3,1,1,5,10,0
5,56,6,3,1,1,5,7,1
5,54,5,3,1,1,6,10,2
5,56,5,3,1,1,5,10,0
5,130,2,1,1,1,7,7,0
5,42,6,3,1,1,2,10,0
1,60,6,3,1,1,4,7,1
5,63,6,1,1,1,10,10,0
1,63,6,3,1,1,4,10,0
5,54,2,1,5,1,10,10,0
5,26,6,3,1,1,5,10,0
5,36,5,3,1,1,5,10,0
5,45,6,3,1,1,5,10,0
1,36,6,1,1,1,5,7,2
5,48,5,3,1,1,5,10,0
5,250,2,1,1,1,5,7,3
1,30,5,3,1,1,5,10,0
1,48,5,3,5,1,5,10,0
5,36,5,3,1,1,10,7,1
5,36,2,3,1,1,2,10,1
1,150,8,3,1,1,10,10,1
5,63,6,3,1,1,10,7,0
5,48,6,3,2,1,2,7,2
5,54,5,3,1,1,5,10,0
5,36,5,3,1,1,2,7,2
5,30,6,3,1,1,5,7,2
5,36,5,3,1,1,5,10,1
5,42,6,3,1,1,5,10,2
5,144,2,1,1,1,2,7,3
5,54,2,1,1,1,2,7,2
1,40,6,3,1,1,5,7,1
5,36,6,1,2,1,2,7,1
5,63,2,1,1,1,2,7,2
1,42,6,3,2,1,2,10,2
5,66,6,3,1,1,2,7,2
5,24,5,3,1,2,2,7,1
5,72,2,1,1,1,4,7,2
5,18,6,3,1,2,2,7,2
1,24,6,3,2,1,2,7,1
5,108,2,1,1,1,2,7,1
5,50,6,1,1,1,4,7,3
1,45,5,3,1,1,2,7,1
5,50,6,3,1,1,2,7,0
5,135,2,1,1,1,2,7,3
1,54,6,3,1,1,7,10,1
1,60,2,1,1,2,4,7,2
5,45,6,1,1,1,2,7,1
5,17,6,3,1,2,2,7,2
5,54,5,3,1,5,5,10,0
1,51,5,3,2,5,5,10,0
5,54,5,3,1,5,5,10,0
5,56,5,3,5,5,5,10,1
5,51,5,3,3,5,5,10,1
5,67,5,3,3,5,5,10,1
5,70,5,3,1,5,5,10,0
5,54,5,3,1,5,5,10,1
5,86,5,3,3,5,10,10,0
5,42,5,3,1,5,5,10,0
5,56,5,3,1,3,10,7,0
5,42,3,3,1,3,10,7,0
5,12,5,3,2,3,10,7,1
5,180,5,3,1,3,10,7,1
5,14,5,3,2,3,10,7,1
5,36,5,3,1,3,10,7,1
5,48,5,3,1,3,10,7,0
5,120,5,3,1,3,10,7,1
5,35,5,3,3,3,1,7,0
5,120,5,3,1,3,10,7,1
5,63,5,3,3,3,10,10,0
5,36,5,3,1,3,10,10,1
5,18,5,3,2,3,10,7,1
5,24,5,3,3,3,10,7,1
5,42,5,3,3,3,10,7,1
5,48,5,3,1,3,10,7,1
5,80,5,3,1,3,10,7,1
5,36,5,3,3,3,10,10,0
5,20,5,3,3,3,10,10,0
5,50,2,1,1,1,2,7,0
5,21,2,1,1,1,2,7,2
5,84,6,1,1,1,2,7,1
5,15,6,1,2,1,2,7,2
5,40,6,1,2,1,2,7,1
5,195,2,1,1,1,2,7,1
5,40,2,1,1,1,2,7,2
5,12,6,1,2,2,2,7,0
5,60,2,1,1,1,2,7,1
5,9,2,3,2,2,1,0,0
5,18,6,3,3,1,2,7,2
5,18,6,3,3,1,2,7,2
5,170,2,1,1,1,2,7,2
5,28,2,1,3,1,2,7,2
5,18,6,3,3,1,2,7,2
5,60,2,1,1,1,2,7,2
5,99,6,1,1,1,2,7,4
5,28,6,1,1,1,2,7,1
5,28,2,1,1,1,2,7,2
5,18,2,1,1,1,2,7,0
5,24,2,1,1,1,1,7,0
5,24,2,1,1,1,2,7,1
5,20,6,1,1,1,2,0,1
5,63,6,1,1,1,2,7,2
5,160,2,1,1,1,2,7,2
5,60,6,1,1,1,2,7,1
5,24,2,1,1,1,2,7,1
5,24,2,1,1,1,1,7,1
5,176,6,1,1,1,2,7,1
5,36,2,1,1,1,2,7,1
5,54,2,1,1,1,2,7,2
5,21,6,1,1,1,2,7,0
5,117,2,1,1,1,3,7,3
5,224,2,1,1,1,2,7,3
5,180,2,1,1,1,2,7,2
5,12,2,1,2,1,2,7,2
5,40,2,1,1,1,2,7,2
5,24,2,1,1,1,2,7,2
5,264,2,1,1,1,2,7,2
5,36,6,3,1,1,7,7,1
5,150,2,1,1,1,2,3,2
5,150,4,1,1,1,2,7,5
1,180,6,1,2,1,2,7,0
5,72,2,1,2,1,4,7,1
5,56,6,1,2,2,2,7,1
5,150,4,1,1,1,2,7,2
5,36,4,1,2,1,2,0,0
5,20,6,1,3,2,2,0,1
5,30,4,1,3,2,2,3,2
5,70,2,1,1,1,3,7,1
5,48,2,1,1,1,1,3,2
5,24,6,3,1,1,2,7,1
1,77,1,1,1,1,3,7,2
5,50,2,1,1,1,3,7,2
1,30,6,1,1,1,2,7,1
5,84,6,1,1,1,2,7,0
5,42,6,1,1,1,5,7,1
5,48,2,1,1,1,2,7,4
5,35,6,3,1,1,5,7,1
5,42,2,1,1,1,4,7,2
5,42,6,1,1,1,5,7,1
5,48,6,1,1,1,2,7,3
5,48,2,1,1,1,4,7,2
5,48,2,1,1,1,5,7,2
5,64,2,1,1,1,5,7,4
5,25,2,1,2,1,1,7,1
5,42,6,1,1,1,2,7,3
5,48,2,1,1,1,2,7,1
5,135,6,1,1,1,3,7,1
5,45,2,1,1,1,3,7,2
1,81,6,3,1,1,2,7,3
5,60,2,1,1,1,2,7,1
1,48,2,3,1,1,3,7,2
5,135,2,1,1,1,5,7,1
5,100,2,1,1,1,2,7,4
5,99,2,1,1,1,3,7,2
5,208,2,1,1,1,2,7,3
5,128,2,1,1,1,2,7,2
5,112,2,1,1,1,5,7,3
1,135,2,1,1,1,2,7,2
5,42,2,1,1,1,2,7,2
5,12,5,3,1,1,2,0,1
5,156,2,1,1,1,2,7,2
5,56,2,1,1,1,1,7,2
1,42,6,1,5,1,8,10,1
5,42,2,3,1,1,2,7,3
5,120,2,1,1,1,1,3,4
5,64,2,1,1,1,2,7,2
5,63,6,3,1,1,2,7,2
5,115,2,1,1,1,2,7,3
5,126,2,1,1,1,10,7,4
5,42,2,1,1,1,2,7,6
5,150,2,1,1,1,2,7,3
5,36,6,3,5,1,2,10,2
5,56,6,1,1,1,2,7,2
5,24,5,3,1,1,4,7,1
5,54,5,3,2,1,2,7,2
5,120,5,3,2,1,4,7,4
5,108,4,1,1,1,2,7,2
5,115,2,1,1,1,2,7,1
5,96,2,1,1,1,2,7,4
5,16,5,1,2,1,2,7,2
5,28,6,1,2,1,2,7,3
5,21,2,1,1,1,2,7,2
1,60,5,3,1,1,5,7,1
1,42,5,3,1,1,2,7,1
1,60,6,1,1,1,5,7,1
1,42,6,1,1,1,5,7,1
1,20,5,3,1,1,5,7,1
1,36,5,3,1,1,5,7,1
1,59,6,1,1,1,5,7,0
5,64,6,1,1,1,2,7,1
1,36,6,1,1,1,5,7,0
1,42,6,1,1,1,2,7,0
5,96,2,1,1,1,2,7,4
5,24,5,1,1,1,3,10,0
5,56,2,1,1,1,5,7,2
5,180,2,1,1,1,2,7,2
5,108,2,1,1,1,2,7,5
5,90,2,1,1,1,2,7,4
5,120,6,1,1,1,2,7,1
5,36,6,1,1,1,2,7,3
5,36,2,1,1,1,2,7,2
5,45,2,1,1,1,2,7,4
5,64,4,1,1,1,5,7,1
5,64,6,1,1,1,5,7,3
5,98,6,1,1,1,10,7,5
5,36,6,1,1,1,2,3,2
5,109,2,1,1,1,2,3,4
5,64,4,1,1,1,5,7,2
5,35,6,3,1,1,2,7,1
5,72,2,1,1,1,5,7,2
5,120,6,3,1,2,2,7,1
5,90,6,3,1,1,6,10,0
5,120,4,3,1,1,2,7,4
5,72,2,1,1,1,2,7,1
5,120,2,1,1,1,1,7,1
1,50,4,3,1,1,2,7,1
5,30,2,3,1,1,2,7,1
5,150,2,3,1,1,3,7,1
5,108,4,3,1,1,2,3,2
5,200,1,1,1,1,2,3,3
5,108,4,3,1,1,2,7,2
5,36,2,1,1,1,2,7,4
5,54,6,1,1,1,5,7,5
5,42,6,1,1,1,5,7,1
5,20,6,1,1,1,5,7,1
1,80,6,1,1,1,2,7,2
5,180,2,1,1,1,2,7,2
5,105,6,1,2,1,5,7,1
5,35,6,3,3,2,2,7,3
5,36,6,1,1,2,2,3,2
5,35,6,1,1,2,2,10,2
5,28,6,1,3,1,2,7,0
1,77,5,3,1,1,2,7,0
5,48,5,3,2,1,2,7,2
5,28,5,3,1,1,2,7,1
5,164,2,1,1,1,2,7,2
5,77,6,1,1,1,2,7,1
5,36,2,1,1,1,2,7,3
5,30,6,1,1,1,2,7,1
1,48,6,1,1,1,2,7,0
1,42,6,1,1,1,2,7,1
5,42,5,3,2,1,2,7,1
1,36,5,3,1,1,2,7,1
1,30,6,1,1,1,2,7,0
1,42,6,3,1,1,2,7,1
1,42,6,1,1,1,2,7,1
5,80,2,1,1,1,2,7,1
5,80,6,1,1,1,7,7,1
5,200,2,1,1,1,2,7,3
5,38,6,1,1,1,2,7,2
5,88,2,1,1,1,2,7,2
5,63,6,1,1,1,7,7,0
5,160,2,1,1,1,7,7,5
5,45,6,1,2,1,7,7,1
5,63,2,1,1,1,2,7,3
1,48,6,1,1,1,5,7,1
5,80,6,1,1,1,5,7,1
1,42,6,1,1,1,5,7,1
5,42,5,3,1,1,2,7,2
1,64,2,1,1,1,2,7,2
5,100,2,1,1,1,1,7,2
5,49,6,1,1,1,5,7,1
5,48,6,1,1,1,2,7,1
5,42,6,1,1,1,5,7,2
1,42,6,1,1,1,2,7,1
5,54,5,3,1,1,2,7,3
5,19,5,3,2,1,2,7,1
5,24,5,3,1,1,2,7,0
5,10,5,7,1,2,2,7,0
5,48,5,3,1,1,2,7,1
1,200,6,1,1,1,2,7,9
1,30,5,3,1,1,2,7,0
5,28,5,3,1,1,2,7,0
5,20,5,3,1,1,2,7,0
5,200,2,1,1,1,2,7,3
5,30,6,1,1,1,2,7,1
1,60,6,3,2,1,2,10,2
1,50,2,1,1,1,7,7,1
5,32,6,1,1,1,2,7,2
5,24,6,1,1,1,2,7,3
1,135,6,1,1,1,7,7,2
5,225,6,1,1,1,7,7,1
1,30,6,1,2,1,7,7,1
1,48,6,1,1,1,2,7,1
5,48,4,1,2,1,2,10,0
5,72,6,1,1,1,6,7,3
5,48,6,3,1,1,2,7,1
5,155,4,1,1,1,2,7,1
1,48,6,3,2,1,2,7,1
1,18,6,1,5,2,2,10,1
5,45,6,1,2,1,5,7,1
5,84,6,1,1,1,2,10,0
5,48,6,1,2,1,5,7,0
5,40,6,1,2,1,5,10,2
5,31,6,3,2,1,2,7,1
1,48,6,1,2,1,5,7,1
5,30,2,3,2,2,1,7,1
5,48,6,1,2,2,10,7,0
5,96,6,1,1,1,2,7,4
5,35,6,1,2,1,2,7,2
5,42,2,1,2,2,10,7,2
1,54,6,7,2,1,7,7,0
5,150,2,1,1,1,2,7,1
5,150,2,1,1,1,2,7,2
5,150,1,1,1,1,2,7,3
5,60,2,1,1,2,2,7,1
5,56,2,1,1,1,5,7,2
5,70,2,1,1,2,2,7,1
5,70,2,1,1,2,2,7,1
5,70,2,1,1,2,2,7,1
5,70,2,1,1,2,2,3,1
5,70,2,1,1,2,2,7,2
5,100,1,1,1,1,5,7,0
5,36,6,1,1,2,5,7,0
5,100,1,1,1,3,2,7,0
5,60,2,1,1,1,2,7,1
5,50,6,1,1,2,2,10,3
5,70,6,1,1,1,5,7,1
5,42,6,1,2,2,2,7,0
5,150,6,1,1,1,5,7,0
5,70,1,1,1,2,2,7,0
5,100,6,3,1,1,5,7,0
5,13,6,3,1,1,6,7,2
5,18,2,1,1,1,5,7,1
5,72,5,1,1,1,6,10,1
5,13,2,1,1,1,6,7,1
5,48,2,1,1,2,6,7,1
5,84,6,3,1,1,6,7,1
5,72,2,1,1,1,6,7,1
5,11,6,3,3,1,6,7,1
5,15,6,1,1,1,6,7,1
5,42,8,3,5,1,9,7,0
5,42,6,3,2,1,5,7,1
5,50,2,1,1,1,5,7,2
5,20,6,3,1,1,5,7,1
5,45,6,3,2,1,5,7,1
5,50,2,1,1,1,5,7,1
5,50,6,1,1,1,5,7,1
5,64,6,1,1,1,5,7,1
5,50,2,1,1,1,5,7,1
5,50,6,1,1,1,5,7,1
5,60,2,1,1,1,5,7,1
5,45,6,3,1,1,6,7,2
5,54,2,1,1,1,5,7,0
5,36,6,3,5,5,5,10,1
5,42,6,3,1,1,5,7,0
5,58,6,3,5,1,5,7,1
5,54,2,1,1,1,6,7,2
5,54,6,1,1,1,6,7,1
5,42,6,1,1,1,6,7,1
5,48,2,1,1,1,6,7,1
5,48,2,1,1,1,6,7,0
5,30,8,3,3,3,5,10,1
5,40,8,3,2,3,5,10,1
5,40,8,3,2,3,5,10,0
5,30,8,3,3,3,5,10,0
5,40,8,3,2,3,5,10,1
5,45,8,3,2,3,5,7,1
5,45,8,3,2,3,5,7,1
5,45,8,3,3,3,5,10,1
5,45,8,3,2,3,5,7,1
5,45,8,3,2,3,5,7,1
1,96,6,1,1,1,2,7,1
1,48,2,1,1,1,5,7,2
5,42,2,1,1,1,6,7,1
1,77,2,1,1,1,5,10,1
1,36,6,1,1,1,5,7,1
1,42,6,1,1,1,5,10,1
1,42,4,1,1,1,4,7,0
1,42,6,3,1,1,6,10,1
1,42,6,1,2,1,5,10,1
5,36,6,1,4,1,5,10,1
5,108,2,1,1,1,6,3,1
5,120,6,1,1,1,2,7,6
5,63,2,1,1,1,6,7,1
5,96,2,1,1,1,4,7,3
5,80,6,1,1,1,5,7,3
5,96,2,1,1,1,7,7,2
1,48,2,1,1,1,8,7,1
1,64,6,1,1,1,7,10,1
5,20,5,3,5,5,5,10,0
5,90,2,1,1,1,2,7,1
5,63,2,1,1,1,2,7,0
5,108,2,1,1,1,2,7,8
5,96,2,1,1,1,2,7,1
5,108,2,1,1,1,2,7,1
5,45,2,1,1,1,2,7,0
5,42,6,3,1,1,2,7,1
5,63,2,1,1,1,2,7,0
5,63,2,1,1,1,2,7,2
5,54,2,1,1,1,2,7,1
5,24,2,1,1,1,2,7,2
5,56,6,1,1,1,5,10,0
1,90,6,1,1,1,2,7,3
1,16,5,3,2,1,6,7,0
5,96,6,1,1,1,5,10,2
5,117,2,1,1,1,2,7,6
5,36,6,1,1,1,5,10,2
1,42,6,1,1,1,5,7,1
1,20,5,3,2,1,5,7,1
1,96,6,1,1,1,5,10,1
1,56,5,3,1,1,5,10,1
5,80,2,1,1,1,2,7,0
1,50,6,3,1,1,2,7,1
5,36,6,1,1,1,6,10,0
5,63,4,1,1,1,2,7,3
5,48,6,1,1,1,6,7,0
5,96,8,1,1,1,4,7,0
1,36,6,3,1,1,2,7,1
1,36,6,3,2,1,2,7,0
5,36,6,3,2,3,2,10,0
5,120,6,1,2,1,6,7,0
5,84,2,1,1,1,5,7,0
5,96,2,1,1,1,2,7,1
5,112,9,1,1,1,2,7,0
5,48,6,1,1,1,2,7,0
5,80,2,1,1,1,2,7,0
5,48,6,1,1,1,2,7,0
5,63,2,1,1,1,2,7,1
5,96,2,1,1,1,2,7,1
5,24,2,1,2,1,2,7,0
5,28,2,1,1,1,2,7,1
1,84,2,1,1,1,9,10,0
5,63,6,1,1,1,9,7,2
5,98,6,1,1,1,2,7,0
5,84,6,1,1,1,9,7,0
5,54,6,1,1,1,9,7,0
5,54,6,1,1,1,10,10,1
5,150,6,1,1,1,10,10,2
5,54,6,1,1,1,10,10,0
5,54,6,1,1,1,5,10,0
1,30,6,3,3,1,10,10,1
5,70,6,1,1,1,10,7,0
5,90,6,1,1,1,5,7,1
5,81,2,1,1,1,5,7,2
5,72,2,1,1,1,2,7,2
5,80,2,1,2,1,5,7,1
5,76,2,1,1,1,5,7,2
5,90,2,1,1,1,2,7,2
5,99,6,1,1,1,2,7,1
5,80,2,1,1,1,5,7,2
5,63,2,1,1,1,5,7,1
1,90,6,1,1,2,5,10,1
5,80,1,1,1,1,5,7,1
5,72,6,1,1,1,5,7,1
1,90,6,1,1,1,5,7,2
5,72,2,1,1,1,2,7,1
5,90,6,1,1,1,5,7,0
1,84,2,1,1,1,5,7,2
5,70,2,1,1,1,5,7,1
5,80,6,1,1,1,5,7,2
5,48,6,3,1,1,5,7,3
5,56,6,1,1,1,5,7,3
1,66,6,1,1,1,2,7,1
5,74,2,1,1,1,5,7,0
5,63,6,1,5,1,5,7,4
5,54,6,1,1,1,5,7,2
5,92,6,1,1,1,5,7,2
5,72,6,1,1,1,5,7,0
5,64,6,3,1,1,5,7,2
5,49,6,3,1,1,2,7,0
1,168,6,1,1,1,2,7,4
1,48,6,1,1,1,8,7,1
5,144,6,1,1,1,7,10,1
5,48,6,1,1,1,7,7,2
5,48,6,1,1,1,7,7,1
5,48,6,1,1,1,7,7,1
5,108,6,1,1,1,7,10,1
5,48,6,1,1,1,7,7,1
5,36,6,1,1,1,7,7,1
1,48,6,1,1,1,7,10,0
5,48,6,1,1,1,5,10,0
5,48,6,1,1,1,5,7,1
5,30,6,3,1,1,5,7,1
5,77,6,1,1,1,2,7,2
1,108,6,1,1,1,5,7,1
5,48,6,1,1,1,5,7,2
5,96,6,1,1,1,5,7,1
5,126,6,1,1,1,5,7,1
1,70,6,1,1,1,5,7,1
5,54,6,1,1,1,5,7,1
1,120,6,3,1,1,5,10,1
1,54,6,3,3,1,7,7,3
1,35,6,1,5,1,8,7,0
1,99,6,3,1,1,7,10,0
1,56,6,1,5,1,7,10,1
1,42,6,1,1,1,8,7,0
1,63,6,1,5,1,7,10,1
1,36,6,1,1,1,7,10,0
1,125,6,1,1,1,7,10,1
1,36,6,1,1,1,7,10,1
1,42,5,3,5,5,8,10,0
1,36,5,3,5,5,8,10,0
1,42,5,3,5,5,8,10,0
1,36,5,3,5,5,7,10,1
1,40,5,3,5,5,7,10,0
1,50,5,3,5,5,8,10,1
1,45,5,3,5,5,7,10,1
1,42,5,3,5,5,7,10,0
1,42,5,3,5,5,8,10,0
5,47,5,7,5,1,10,10,0
1,42,5,3,3,1,10,10,0
5,42,5,7,3,1,10,10,0
1,42,5,7,3,1,10,10,0
5,50,6,1,5,1,7,10,1
5,50,6,1,3,1,10,10,1
5,50,6,1,3,1,10,10,2
5,42,5,3,3,1,10,10,0
5,50,5,7,5,1,5,10,0
5,24,5,3,5,2,10,7,1
1,15,5,7,3,5,10,10,0
5,56,5,3,3,1,6,7,0
5,30,5,7,2,1,6,10,0
5,25,5,7,3,1,6,10,0
5,42,4,3,3,1,6,10,0
5,63,5,3,1,1,8,10,1
5,42,8,3,3,1,6,10,1
5,48,5,3,2,1,8,10,0
1,42,5,3,3,1,6,10,0
5,42,5,3,3,1,6,10,0
5,50,5,3,3,1,7,10,0
5,10,5,6,5,1,7,10,0
5,48,5,3,3,1,7,10,0
5,48,5,3,5,1,7,10,1
5,60,5,3,1,1,7,10,1
5,42,5,3,5,5,8,10,0
5,60,6,1,5,1,7,10,1
5,50,6,1,1,1,7,10,1
5,48,5,3,3,3,2,10,1
5,42,4,1,3,1,8,10,0
5,42,7,7,3,1,8,10,0
5,42,4,1,3,1,8,10,0
5,35,5,3,3,1,6,10,1
5,42,4,1,2,1,6,10,0
5,42,5,3,3,1,8,10,0
5,42,4,3,3,1,8,10,0
5,42,4,1,3,1,8,10,0
5,42,4,1,1,1,2,7,1
5,42,5,3,1,1,2,7,1
1,60,4,1,1,1,4,7,1
1,60,2,1,1,1,2,7,2
1,60,4,1,3,1,2,7,1
5,55,4,1,1,1,2,7,1
5,70,2,1,1,1,2,7,2
1,50,4,1,1,1,4,7,0
5,60,2,1,2,1,2,7,1
1,88,2,1,1,1,4,7,1
5,60,4,3,1,1,2,7,2
1,60,4,3,3,1,4,10,0
5,72,2,1,1,1,2,7,2
1,49,6,1,3,1,9,10,0
1,42,4,1,2,1,9,10,0
1,36,5,3,3,1,9,10,0
5,63,2,1,1,1,2,7,2
1,49,6,1,3,1,2,10,0
1,42,4,1,3,1,2,7,0
1,36,5,3,3,1,9,10,0
1,49,4,1,3,1,9,10,0
1,45,4,1,3,1,9,10,0
5,256,2,1,5,1,9,10,0
1,30,5,3,5,1,9,10,2
5,42,6,1,3,1,9,10,1
5,30,5,3,3,1,9,10,0
5,25,5,3,5,2,4,10,1
5,56,4,1,1,1,9,10,0
5,42,6,1,5,1,9,10,0
5,48,6,1,5,1,9,10,0
1,36,6,1,5,1,9,7,0
5,42,6,1,5,1,9,10,0
5,80,4,1,3,1,5,10,2
5,81,2,1,1,1,5,10,1
1,35,4,1,5,1,5,10,0
5,96,2,1,1,1,5,10,1
1,42,5,3,1,1,5,10,0
1,35,8,1,5,1,5,10,0
5,72,4,1,1,1,5,10,1
1,35,2,1,5,1,5,10,1
1,42,4,1,5,1,7,10,1
1,36,4,1,1,1,7,7,1
1,36,6,1,3,1,9,10,0
5,144,6,1,1,1,2,7,0
1,42,6,1,1,1,2,10,0
1,42,6,1,3,1,9,10,0
1,56,6,1,3,1,9,10,0
5,56,5,3,1,1,9,7,1
1,42,5,3,1,1,9,10,0
5,42,6,1,1,1,9,10,0
1,54,5,3,1,1,2,7,0
1,56,4,1,1,1,9,10,0
5,42,6,1,1,1,7,7,0
5,32,5,3,5,1,2,7,2
5,54,6,1,2,1,2,10,0
5,91,2,1,1,1,7,10,0
1,54,6,1,1,1,7,10,0
5,42,6,1,3,1,2,7,0
1,91,2,1,1,1,3,10,0
1,150,6,1,2,1,3,10,0
5,112,2,1,1,1,3,3,2
5,132,4,1,1,1,2,7,1
5,120,2,1,1,1,2,7,1
5,144,2,1,1,1,2,7,1
5,42,5,3,1,1,3,7,1
5,66,5,3,1,1,2,7,2
1,30,5,3,1,1,3,7,0
5,47,6,1,1,1,3,7,0
5,20,2,1,1,1,2,7,2
1,72,6,1,1,1,3,10,0
1,42,6,1,1,1,3,7,1
5,84,2,1,1,1,3,7,0
5,80,2,1,1,1,3,7,1
5,220,2,1,2,1,2,7,2
5,108,6,1,1,1,2,7,1
5,180,2,3,1,1,2,3,2
5,63,6,1,1,1,3,7,1
5,42,2,3,1,1,3,7,2
5,200,5,3,1,1,2,3,1
5,90,5,3,1,1,3,7,0
1,72,2,1,1,1,3,10,0
5,108,8,1,1,1,2,7,1
5,88,2,1,1,1,2,3,2
5,70,2,1,1,1,2,7,3
5,20,2,1,1,1,2,7,2
1,63,6,1,1,1,3,7,1
5,144,2,1,1,1,2,7,2
5,42,2,1,1,1,3,7,1
5,20,5,3,1,2,3,7,0
1,42,2,1,1,1,3,7,0
1,42,2,1,1,1,3,7,1
1,56,2,1,1,1,3,7,2
1,42,6,1,3,1,3,10,0
1,42,6,1,3,1,3,7,0
1,42,6,1,1,1,3,7,0
1,42,6,1,1,1,3,10,0
1,42,6,1,3,1,3,10,0
1,42,6,1,1,1,3,7,1
1,42,5,3,3,1,3,7,0
5,84,2,1,1,1,10,7,5
1,68,4,1,1,1,10,7,4
5,20,6,3,2,1,1,7,3
1,56,5,3,3,1,9,10,1
5,150,2,1,3,1,10,10,0
5,48,4,3,4,1,2,7,0
1,200,6,1,1,1,2,7,4
5,99,5,3,3,1,9,10,0
1,132,5,3,1,1,2,7,2
5,30,5,3,1,1,2,7,1
1,42,2,1,1,1,9,7,1
5,30,5,3,3,1,2,7,1
5,35,2,1,1,1,9,10,0
1,50,2,1,1,1,2,7,1
1,63,2,1,1,1,2,7,0
5,55,5,3,1,1,2,7,1
5,35,2,1,1,1,2,7,1
5,125,2,1,1,1,2,7,2
5,12,2,1,2,1,2,7,1
5,77,4,3,1,1,2,7,4
5,84,2,1,1,1,2,7,2
5,66,2,1,1,1,2,3,2
5,40,2,3,1,1,2,7,1
5,12,5,3,2,1,2,7,2
5,9,2,1,2,1,2,1,1
5,60,2,1,1,1,2,7,1
5,12,2,1,2,3,2,7,1
5,40,5,3,1,1,2,7,1
5,12,2,1,2,1,2,0,1
5,42,6,1,5,1,9,10,0
1,36,6,1,3,1,9,7,1
5,126,1,1,1,1,9,7,3
5,48,5,3,2,1,9,7,0
5,16,5,3,5,5,9,7,1
5,42,5,3,3,1,9,10,0
1,35,6,1,2,1,9,10,0
5,96,4,1,3,1,9,7,0
1,45,5,3,5,5,9,7,2
5,15,5,3,5,2,1,7,1
1,30,6,1,5,1,9,10,0
5,72,2,1,1,1,9,7,2
5,150,5,3,1,1,9,3,4
5,50,5,3,3,1,9,10,0
1,20,5,3,2,1,9,10,1
1,96,5,3,1,1,9,7,0
5,144,5,3,3,1,2,10,0
1,42,5,3,5,5,9,10,0
5,39,5,3,1,1,2,7,2
1,48,5,3,1,1,9,10,0
1,42,5,3,1,1,2,7,1
1,63,2,1,1,1,2,3,1
5,36,2,1,1,1,2,7,1
5,36,2,1,1,1,2,7,1
1,36,4,1,1,1,9,7,1
1,64,2,1,1,1,2,3,1
1,36,5,3,1,1,9,7,0
1,49,6,1,1,1,2,7,1
5,108,2,1,1,1,2,3,2
5,36,5,3,1,1,9,10,0
1,84,4,1,1,1,2,7,1
1,72,5,3,2,1,2,7,1
1,147,6,3,1,1,2,7,2
1,48,5,3,1,1,10,7,2
1,72,5,3,1,1,2,7,1
1,63,6,1,1,1,2,7,0
5,42,5,3,1,1,2,7,1
1,42,6,1,1,1,10,7,1
1,42,2,1,1,1,2,7,1
5,36,5,3,1,1,2,7,1
1,54,5,3,2,1,9,7,1
1,42,5,3,2,1,10,7,1
1,72,2,3,1,1,2,7,1
1,54,5,3,1,1,2,7,2
1,42,5,3,1,1,2,7,0
1,42,5,3,1,1,2,7,1
1,72,5,3,1,1,10,10,2
1,36,5,3,1,1,2,7,1
1,48,5,3,2,1,10,7,0
5,36,5,3,1,1,2,7,1
5,80,5,3,3,5,10,10,0
5,70,5,3,3,5,10,10,0
5,70,9,7,3,5,10,10,0
5,48,5,3,3,5,10,10,0
5,60,9,7,3,5,10,10,0
5,70,9,7,3,5,10,10,0
5,80,9,7,3,5,10,10,0
5,80,9,7,3,5,10,10,0
5,48,9,7,3,5,10,10,0
5,70,9,7,3,5,10,10,0
5,36,5,3,3,5,10,10,0
5,36,5,3,3,5,10,10,0
5,36,5,3,3,5,10,10,0
5,36,6,3,1,3,10,7,1
5,36,5,3,3,5,10,10,0
5,36,5,3,3,5,10,10,0
5,36,6,3,3,5,10,10,0
5,36,5,3,3,5,10,10,0
5,36,5,3,3,5,10,10,0
5,36,5,3,3,5,10,10,0
1,42,5,3,3,3,9,10,3
1,42,6,1,3,3,9,10,1
1,36,5,3,3,3,9,10,1
1,42,5,3,3,3,9,10,0
1,63,6,1,3,3,10,10,1
1,42,5,3,3,3,9,10,1
1,42,6,1,3,3,9,10,2
1,42,6,1,3,3,9,10,2
1,42,5,3,3,3,9,10,1
1,42,6,1,3,3,9,10,1
1,54,6,3,1,1,1,7,5
5,105,2,1,1,1,2,3,1
1,54,2,1,1,1,1,7,3
5,20,6,1,2,1,2,7,0
5,150,2,1,1,1,2,7,3
1,216,2,1,1,1,2,7,6
5,35,6,1,1,1,1,7,1
5,25,6,3,1,1,2,7,2
5,250,2,1,1,1,1,3,2
1,70,2,1,1,1,1,7,1
1,72,2,1,1,1,2,7,1
1,48,6,1,1,1,2,7,0
1,30,6,3,1,1,2,7,1
1,45,6,1,1,1,2,10,0
1,126,2,3,1,1,2,7,0
1,108,2,1,1,1,4,7,0
1,54,6,3,2,1,4,7,0
1,30,8,3,3,1,4,10,1
1,30,5,3,3,1,4,7,0
1,36,6,1,2,1,4,7,0
1,108,2,1,1,1,10,7,1
1,35,6,3,1,1,10,7,1
5,136,2,1,1,1,2,3,2
1,35,6,3,1,1,10,7,1
1,30,8,3,1,1,10,7,0
1,45,2,3,1,1,10,7,0
1,54,6,3,1,1,10,7,1
1,63,2,1,1,1,10,7,1
1,77,2,1,1,1,2,7,1
1,63,6,1,1,1,2,7,0
5,80,2,1,1,1,1,7,2
5,48,2,1,1,1,4,10,1
5,88,6,1,1,1,10,7,4
5,112,2,1,1,1,1,3,1
1,30,6,1,1,1,2,7,1
5,18,2,1,1,1,4,7,1
5,180,2,1,1,1,4,7,1
1,120,2,1,1,1,2,7,1
1,30,5,3,5,1,2,10,0
5,60,2,1,1,1,2,7,2
1,54,6,1,1,1,1,7,2
1,47,6,1,5,1,7,7,0
1,120,6,1,1,1,10,7,4
1,54,8,1,1,1,10,7,0
5,63,6,1,1,1,10,7,2
1,66,2,1,1,1,9,7,2
1,208,2,1,1,1,2,7,5
1,90,2,1,1,1,10,7,2
1,48,2,1,1,1,2,7,3
5,36,6,1,4,1,9,10,1
5,24,2,1,1,1,2,3,0
1,63,2,1,1,1,4,7,1
5,167,2,1,1,1,2,7,2
1,81,2,1,1,1,4,7,0
1,108,2,1,1,1,2,7,2
5,120,6,1,1,1,2,7,0
1,77,2,1,2,1,4,7,2
1,54,8,1,1,1,10,7,0
1,70,2,1,1,1,10,7,0
5,18,5,3,1,5,4,7,1
5,40,2,1,1,1,10,7,0
5,63,2,1,1,1,10,7,1
5,54,6,1,1,1,2,7,0
1,126,6,1,1,1,10,7,0
1,104,6,1,1,1,10,7,0
1,72,3,1,1,1,10,7,1
1,72,2,1,1,1,10,7,1
1,54,6,1,1,1,4,7,0
1,70,2,1,1,1,2,7,1
1,91,2,1,1,1,10,7,2
5,91,4,1,1,1,10,3,4
1,84,4,1,1,1,10,7,3
5,40,4,1,1,1,2,3,1
1,35,6,1,1,1,2,7,1
1,56,6,1,1,1,10,7,2
1,60,4,1,1,1,2,7,1
1,72,4,1,2,1,10,7,1
1,36,6,3,5,1,10,7,1
1,200,4,1,1,1,10,7,2
5,136,4,1,1,1,2,7,3
5,227,2,3,1,1,2,5,1
5,60,6,3,1,1,10,5,2
1,54,6,1,1,1,2,5,0
1,109,6,1,1,1,10,5,1
1,42,5,3,1,1,2,7,1
5,35,6,3,1,1,2,5,0
1,84,2,1,1,1,3,5,1
1,54,2,1,1,1,2,5,1
5,54,6,1,1,1,10,7,0
5,72,2,1,1,1,2,7,2
5,91,2,1,1,1,3,5,1
5,70,2,1,1,1,2,5,3
5,105,2,1,1,1,10,5,2
5,90,2,1,1,1,2,5,2
1,54,6,1,1,1,10,5,1
5,84,2,1,1,1,1,5,2
1,42,6,1,1,1,10,5,2
5,54,6,3,1,1,2,5,2
5,120,2,1,1,1,1,3,1
1,35,6,3,1,1,2,7,1
1,63,6,1,1,1,10,7,1
1,120,5,3,1,1,2,7,2
1,60,6,1,1,1,10,7,0
1,42,5,3,2,1,10,7,0
1,108,2,1,1,1,10,10,0
5,54,6,3,1,1,2,7,1
1,63,6,3,1,1,10,10,0
5,264,5,3,1,1,2,7,1
1,56,6,1,1,1,2,7,1
1,44,6,3,1,1,2,7,1
1,40,6,1,1,1,2,7,0
1,70,6,1,1,1,10,7,1
1,63,2,1,1,1,10,7,1
5,135,6,1,1,1,2,3,1
5,105,2,1,1,1,2,7,2
1,54,2,1,1,1,10,7,1
1,200,2,1,1,1,2,7,1
1,126,6,1,1,1,2,7,1
1,90,2,1,1,1,2,7,1
5,112,2,1,1,1,2,3,2
1,54,6,3,1,1,2,5,1
5,80,2,1,1,1,3,7,1
1,120,2,1,1,1,2,7,1
1,72,5,3,1,1,9,7,1
5,54,2,1,1,1,2,5,1
1,60,6,1,1,1,10,5,1
1,48,6,1,1,1,2,7,1
5,54,6,1,1,1,3,7,1
5,36,2,1,1,1,2,7,1
5,56,6,3,2,1,10,7,1
5,135,2,1,1,1,2,7,2
5,40,2,1,1,1,2,3,1
1,96,2,3,1,1,3,7,3
5,85,2,1,1,1,2,3,1
5,40,2,1,1,1,2,7,2
5,21,6,1,1,1,2,7,1
5,40,6,1,1,1,2,7,2
5,42,2,1,1,1,2,3,2
5,63,2,1,1,1,2,3,2
1,42,8,3,1,1,10,7,1
1,72,2,1,1,1,2,7,2
1,72,6,1,1,1,2,7,2
5,45,6,1,1,1,2,7,1
1,91,6,1,1,1,2,7,2
5,120,2,1,1,1,1,7,2
1,72,2,1,1,1,2,7,1
1,54,6,1,1,1,2,7,2
5,54,2,1,1,1,2,7,2
1,42,6,1,1,1,2,7,2
5,84,2,1,1,1,2,7,1
1,54,2,1,1,1,2,7,1
1,63,5,3,1,1,2,7,1
5,70,2,1,1,1,2,7,2
1,60,2,1,1,1,2,7,1
5,70,2,1,1,1,2,7,1
5,90,2,1,1,1,2,7,1
5,60,6,1,1,1,10,7,1
1,30,5,3,3,2,2,10,1
1,60,6,1,1,1,2,7,1
5,56,2,1,1,1,2,7,1
5,54,6,1,1,1,10,7,1
5,96,2,1,1,1,2,7,2
1,49,6,1,1,1,2,7,1
1,30,5,3,1,2,2,7,1
5,60,6,1,1,1,2,7,1
5,77,6,1,1,1,4,7,2
1,42,6,3,2,2,2,7,1
5,35,6,3,1,1,2,7,1
1,42,6,3,1,2,2,7,1
5,42,6,3,1,1,2,7,2
5,56,2,1,1,1,2,7,1
1,84,2,1,1,1,2,7,1
1,70,2,1,2,1,2,7,1
1,84,2,1,1,1,2,7,1
5,70,2,1,1,1,4,7,2
1,56,6,1,1,1,4,7,1
5,90,2,1,1,1,1,7,1
5,65,2,1,1,1,2,7,1
5,72,2,1,1,1,2,7,2
5,72,2,1,1,1,2,7,1
1,36,6,3,1,1,2,7,1
5,54,2,1,1,1,2,7,2
1,45,8,3,1,1,2,7,1
1,46,6,3,3,1,2,7,1
1,198,2,1,1,1,2,7,1
1,48,2,3,1,1,2,7,1
1,72,2,1,1,1,2,7,1
1,90,6,1,1,1,2,7,1
1,54,2,1,1,1,10,7,4
1,36,6,3,1,1,2,7,1
1,72,6,1,1,1,10,10,2
1,42,6,1,1,1,6,7,1
1,30,8,3,5,1,2,7,1
1,72,6,3,1,1,10,7,2
1,36,6,1,1,1,10,10,2
1,35,6,3,1,1,2,10,1
1,63,6,3,1,1,10,10,1
1,35,6,3,1,1,2,7,1
1,20,5,3,2,1,5,7,1
1,24,5,3,2,2,2,7,0
5,42,6,1,3,5,5,10,0
5,42,6,1,3,5,5,10,0
5,56,6,1,1,5,5,10,0
1,56,6,1,3,5,5,10,0
1,42,6,1,3,5,5,10,0
1,56,6,1,3,5,5,10,0
1,63,6,1,1,5,5,10,0
1,42,6,1,3,5,5,10,0
5,56,6,1,1,5,5,10,0
1,48,6,1,3,5,5,10,0
1,35,6,1,3,5,5,10,0
1,42,6,1,3,5,5,7,1
1,50,6,1,2,5,5,10,0
1,45,6,1,3,5,5,10,0
1,42,6,1,1,5,5,10,0
1,45,6,1,3,5,5,10,0
1,40,6,1,3,5,5,10,0
1,45,6,1,3,5,5,10,0
1,42,6,1,3,5,5,10,0
1,45,6,1,3,5,5,10,0
1,80,5,3,1,5,10,7,0
5,60,5,3,3,5,10,10,0
5,120,5,3,1,5,10,10,0
1,60,5,3,3,5,10,10,1
1,90,5,3,1,3,9,10,0
1,42,5,3,1,3,9,10,1
1,60,5,3,1,5,10,10,0
5,80,5,3,3,5,10,10,1
1,70,4,1,1,3,9,10,1
1,48,4,3,1,3,10,10,0
1,96,5,3,1,5,6,10,0
1,36,6,1,3,3,10,10,0
1,90,6,1,1,1,10,7,1
1,62,6,1,2,3,5,10,0
1,104,6,1,3,1,10,10,0
1,180,6,1,3,2,10,10,1
1,60,6,1,2,3,10,10,0
5,120,6,1,3,1,2,7,1
1,42,5,3,3,5,10,10,0
1,36,5,3,3,5,10,10,0
1,42,6,3,5,1,10,10,1
1,36,6,1,1,1,10,10,0
1,50,6,3,1,1,6,10,2
1,42,6,3,3,1,6,10,0
1,36,6,1,1,1,6,10,0
5,36,6,1,2,1,6,10,0
1,36,6,3,3,1,10,10,0
1,36,6,3,2,1,10,10,0
1,30,5,3,3,1,10,10,0
1,36,5,3,1,1,6,10,0
1,117,2,1,1,1,2,7,1
1,48,2,1,1,1,5,7,1
1,63,6,1,1,1,2,7,2
1,36,6,1,1,2,2,7,0
1,48,2,1,2,1,2,7,1
5,70,6,1,1,1,2,7,1
1,77,6,1,1,1,2,7,0
1,108,6,1,1,1,6,7,0
1,108,2,1,1,1,6,7,1
1,42,6,3,1,1,2,7,0
1,150,2,1,1,1,2,7,2
5,153,2,1,1,1,2,7,1
1,108,6,3,1,1,2,7,1
1,72,2,1,2,1,2,7,1
1,63,6,3,1,1,2,7,0
1,108,2,1,1,1,2,7,1
5,143,2,1,1,1,2,7,2
1,21,8,3,1,1,2,7,0
5,91,2,1,1,1,2,7,1
1,45,6,3,1,1,6,7,0
1,63,6,1,1,1,2,7,1
5,49,1,1,1,2,2,7,0
1,63,6,3,1,1,10,10,0
5,120,2,1,1,1,2,3,2
1,84,6,1,1,1,10,7,0
1,49,6,1,1,1,10,7,0
1,54,2,1,1,1,2,7,2
5,180,2,1,1,1,2,7,1
5,21,5,3,1,2,10,10,0
1,54,6,1,1,1,10,7,1
1,84,6,1,1,1,10,7,2
1,96,6,1,1,1,10,7,1
1,70,6,1,1,1,4,7,1
1,40,6,1,1,2,10,7,1
5,63,5,3,1,1,10,7,1
1,54,6,1,1,2,10,7,1
1,204,2,1,1,1,10,7,3
5,54,2,1,1,1,4,7,2
5,35,2,1,1,1,2,7,2
1,80,6,3,1,1,6,7,1
1,70,6,1,1,1,2,7,1
1,36,5,3,1,1,6,7,0
1,60,5,3,1,1,2,7,2
1,90,6,3,1,1,10,7,0
1,42,6,1,1,1,6,10,0
1,96,6,1,2,1,8,10,1
5,36,2,1,2,1,7,10,2
1,42,5,3,3,1,8,10,0
1,162,5,3,1,1,2,7,1
1,42,6,3,1,1,10,10,0
1,35,6,3,1,1,10,10,0
1,60,6,1,1,1,10,7,0
1,63,6,3,1,1,10,10,0
1,56,2,1,1,1,10,10,1
1,90,2,1,1,1,10,7,1
1,54,5,3,1,1,10,7,2
5,42,6,3,1,1,10,7,2
1,35,6,3,1,1,10,7,0
1,42,6,3,1,1,10,10,0
1,49,8,3,5,1,10,10,0
1,48,5,3,1,1,10,10,2
1,81,6,3,1,1,10,10,0
1,49,8,3,5,2,10,10,0
5,99,2,1,2,1,10,10,1
1,81,6,3,2,1,10,10,0
1,99,6,3,1,1,10,10,0
1,49,6,3,1,2,10,10,0
1,35,7,3,1,1,10,10,0
1,81,6,3,1,1,10,10,0
1,99,2,1,1,1,10,7,1
1,49,8,3,2,1,10,10,0
1,49,8,3,2,5,10,10,0
1,54,5,3,1,1,10,10,0
1,64,6,3,1,1,10,10,0
1,99,6,3,1,1,10,10,0
5,49,6,1,1,1,10,10,1
1,99,6,1,1,1,10,10,1
1,64,6,3,1,1,10,10,0
1,99,6,3,1,1,10,10,0
1,90,2,1,1,1,10,10,1
1,30,6,1,1,1,10,7,1
1,36,2,1,1,1,10,7,1
1,54,6,1,1,1,2,7,1
1,120,2,1,1,1,10,7,1
1,48,8,3,1,1,10,10,1
1,80,2,1,1,1,10,7,2
5,35,6,3,1,1,10,10,1
1,54,2,1,1,1,10,7,2
1,30,6,5,5,1,10,7,1
1,54,5,3,1,1,10,7,1
5,42,6,3,1,1,2,7,2
1,42,5,3,1,1,10,7,1
1,84,6,1,1,1,10,7,2
1,60,2,1,1,1,2,7,0
1,36,6,1,2,1,10,7,0
1,36,6,3,1,1,5,7,0
1,54,6,3,1,1,10,10,0
1,30,5,3,1,1,10,10,0
1,108,6,1,1,1,2,7,1
1,54,6,1,1,1,10,7,2
1,36,6,3,5,1,10,7,1
5,63,2,1,1,1,10,7,2
1,49,6,1,1,1,5,7,2
1,72,6,3,1,1,10,10,1
5,125,2,1,1,1,2,7,2
1,120,2,1,1,1,10,7,1
1,36,6,1,1,1,10,7,2
1,36,6,1,1,1,10,7,1
1,54,2,1,1,1,10,7,1
1,45,5,3,1,1,10,10,1
5,84,2,1,1,1,10,7,1
1,54,6,3,1,1,10,10,1
1,42,5,3,1,1,10,7,1
1,42,5,3,1,1,10,7,1
1,35,6,3,1,1,10,10,1
1,54,5,3,1,1,10,7,0
1,30,6,3,2,1,10,7,1
1,56,5,3,1,1,2,7,1
5,30,6,3,1,1,10,7,1
1,84,5,3,1,1,2,7,2
1,42,5,3,1,1,10,10,2
1,48,6,3,1,1,10,7,3
1,56,5,3,1,1,10,7,2
1,42,5,3,1,1,10,10,2
5,42,5,3,1,1,10,10,1
1,48,5,3,1,1,10,7,2
1,54,5,3,1,1,10,7,5
1,56,5,3,1,1,10,10,1
5,42,5,3,1,1,10,10,1
5,96,6,1,1,1,1,7,1
5,36,5,3,1,1,10,7,1
1,56,2,1,1,1,10,10,1
1,56,2,1,2,1,10,7,2
1,49,5,3,1,1,10,10,0
1,48,5,3,1,1,10,10,1
1,56,5,3,1,1,10,10,1
1,72,1,1,1,2,10,7,2
5,56,2,1,1,1,10,7,2
1,56,5,3,1,1,10,10,2
1,30,5,3,3,5,6,10,1
1,69,5,3,3,3,5,10,1
1,130,6,1,3,3,5,10,1
1,70,6,3,3,5,5,10,0
1,78,5,1,3,5,6,10,2
1,32,6,1,3,5,6,7,1
1,68,6,1,3,5,6,10,0
1,69,6,3,3,5,5,10,0
1,48,6,3,3,5,5,10,0
1,54,6,3,3,3,6,10,0
1,80,5,1,1,3,6,7,0
1,72,6,1,1,3,5,7,1
1,57,6,1,3,5,6,10,0
1,156,6,1,3,3,6,10,0
1,60,6,1,3,3,6,10,0
1,94,6,1,3,3,6,10,2
1,82,6,1,3,5,6,10,0
1,54,3,3,1,3,6,7,0
1,56,6,1,3,5,5,10,0
1,42,6,1,5,3,5,10,0
1,42,6,1,5,3,5,10,0
1,30,6,1,5,3,5,10,0
1,54,8,1,3,3,5,10,0
1,110,6,1,5,3,5,10,1
1,42,8,1,1,3,5,10,0
1,42,6,1,3,3,5,10,0
1,56,6,1,3,3,5,10,1
1,42,6,1,1,3,5,10,0
1,36,6,1,1,3,5,10,1
1,72,8,1,3,3,6,10,0
1,36,6,1,1,3,5,7,2
1,36,8,3,5,5,6,10,3
1,36,6,1,3,3,5,10,1
1,36,6,1,3,3,5,10,0
5,42,6,1,3,3,6,10,1
1,63,6,1,2,3,5,10,0
1,42,6,1,1,3,6,10,0
1,42,6,1,3,3,6,10,0
5,20,2,1,1,3,4,7,2
1,42,3,6,3,3,5,10,0
1,42,6,1,2,3,5,10,0
1,82,6,1,1,3,10,10,1
1,36,6,3,5,3,6,10,0
1,63,6,1,2,3,5,10,1
1,83,6,1,2,3,5,10,1
1,24,8,3,2,3,5,10,0
1,108,6,1,2,3,2,10,0
1,36,6,1,3,3,5,10,0
1,49,6,1,3,3,5,10,0
1,50,6,1,2,1,7,10,0
1,150,6,3,1,1,7,7,1
1,60,6,1,2,3,6,10,0
1,72,6,1,1,1,5,7,2
1,56,6,1,1,1,5,10,0
1,70,6,1,1,1,6,10,0
1,54,8,3,2,5,6,10,0
1,48,6,1,3,1,6,10,0
1,56,6,1,1,1,6,10,0
1,56,6,1,2,3,5,10,0
1,36,6,3,5,3,5,10,0
5,72,6,1,1,3,5,10,2
1,48,6,1,1,3,5,10,0
5,36,6,3,5,3,5,10,0
1,56,6,1,1,3,5,7,1
1,56,6,3,5,3,5,10,1
1,72,2,1,1,3,5,10,1
1,56,6,1,1,3,5,10,0
1,60,6,3,5,3,5,10,0
1,48,6,1,1,3,5,10,0
1,100,6,3,2,3,5,10,0
1,56,6,1,1,3,5,10,0
1,42,6,3,5,3,5,10,0
1,36,5,3,3,3,5,10,0
5,42,6,1,1,3,5,10,1
1,56,6,3,2,3,5,10,0
1,56,6,1,1,3,5,7,0
1,42,5,3,5,5,5,7,1
1,36,6,1,1,3,5,10,0
1,36,6,1,1,3,5,10,2
1,36,6,3,2,3,5,10,0
1,42,6,1,1,3,5,10,0
1,36,6,1,1,3,5,10,0
1,56,5,3,1,3,6,10,0
1,48,6,1,1,3,5,10,0
1,48,6,1,2,3,5,10,0
1,36,6,3,1,3,8,10,0
1,48,6,3,1,3,5,10,0
1,36,6,3,5,3,5,10,0
5,63,6,1,1,1,2,7,2
5,42,2,1,1,1,2,7,0
5,36,2,1,1,1,2,7,2
5,72,5,3,1,1,2,7,1
5,48,5,3,1,1,2,7,1
1,60,2,1,1,1,2,7,1
5,18,6,3,1,1,2,7,1
5,6,5,3,2,1,2,7,0
5,26,6,1,1,1,2,7,2
5,24,2,1,1,1,2,7,1
5,42,2,1,1,1,2,7,2
5,132,2,1,1,1,2,7,1
5,60,2,1,1,1,2,7,2
1,60,6,1,1,1,2,7,2
5,120,6,1,1,1,4,7,1
5,99,2,1,1,1,1,7,1
1,12,2,1,3,1,2,10,1
5,15,6,3,3,1,2,7,0
5,24,5,3,1,1,2,7,0
5,35,5,3,1,1,2,7,2
5,30,2,1,1,1,5,7,2
5,24,6,3,1,1,2,7,2
5,36,6,3,1,1,2,7,3
5,72,2,1,1,1,2,7,2
5,42,6,3,1,1,2,7,1
5,36,2,3,1,1,2,7,2
5,125,2,1,1,1,2,7,1
5,30,2,1,1,1,2,7,1
5,36,6,3,1,1,2,7,3
5,28,5,3,1,1,2,7,0
5,36,6,1,1,1,2,7,0
5,35,2,1,1,1,2,7,0
5,46,2,1,1,1,2,7,3
5,45,2,1,1,1,2,7,1
5,21,5,3,1,1,2,7,0
5,32,6,1,1,1,2,7,2
5,80,2,1,1,1,2,7,4
5,48,2,3,1,1,2,7,2
5,36,2,1,1,1,2,7,1
5,99,2,1,2,1,2,7,2
5,40,6,3,1,1,2,7,1
5,40,6,1,2,1,2,7,2
5,24,5,3,1,2,2,7,1
5,20,5,3,3,1,2,7,0
5,80,6,1,1,1,2,10,2
5,70,6,3,1,1,2,7,1
5,50,5,1,1,1,2,7,4
5,48,2,1,1,1,2,7,2
5,16,6,1,2,1,2,7,1
5,99,5,3,1,1,2,7,2
5,56,5,3,2,1,2,7,1
5,40,6,3,1,1,2,7,1
5,70,2,1,1,1,2,7,2
5,72,5,3,1,1,2,7,1
5,99,5,3,1,1,2,7,3
5,83,5,3,1,1,2,10,0
5,20,5,3,2,1,2,7,1
5,63,6,3,1,1,2,7,2
5,24,2,1,1,1,1,7,1
1,42,6,1,1,1,2,10,1
1,40,6,3,2,1,2,7,2
5,128,2,1,1,1,2,10,3
1,50,6,3,1,1,4,10,1
5,120,2,3,1,1,2,3,2
5,42,5,3,2,2,2,10,1
5,104,2,1,1,1,2,7,4
1,56,5,3,2,2,2,10,2
5,60,2,1,1,1,2,10,0
5,165,2,1,1,1,2,7,4
5,63,2,1,1,1,2,7,2
5,42,6,1,1,1,2,7,2
5,80,2,3,1,1,2,7,2
5,255,5,3,1,1,2,3,2
5,91,6,1,1,1,2,10,2
5,54,4,3,1,1,2,7,2
5,30,6,1,1,2,2,7,1
1,24,5,3,5,2,4,7,0
1,48,6,1,3,3,5,10,1
1,42,6,1,2,3,5,10,0
5,70,2,1,3,3,5,10,0
1,42,6,1,2,3,5,10,0
1,42,6,1,2,3,5,10,0
1,36,6,3,3,3,5,10,0
1,32,6,3,3,3,5,7,2
5,28,5,3,3,3,5,7,0
1,48,8,1,3,3,6,10,0
5,36,2,1,3,3,5,7,0
5,32,5,3,3,3,5,10,1
1,98,2,1,1,3,5,7,1
1,42,5,3,2,3,5,10,0
1,48,6,1,1,3,5,10,0
5,35,5,3,3,3,6,10,0
1,42,6,1,3,3,6,7,0
1,42,6,1,3,3,6,10,0
1,28,5,3,3,3,6,10,0
1,56,2,1,2,3,5,10,0
1,42,6,1,3,5,7,10,0
1,36,6,1,1,5,5,10,0
1,72,6,1,5,3,5,7,1
1,48,6,3,3,5,7,10,0
1,56,6,1,3,5,4,10,0
5,36,5,3,3,5,7,10,1
1,56,6,1,5,3,4,10,0
1,36,6,1,5,5,5,10,0
1,56,6,1,5,5,7,10,0
1,56,6,1,5,5,7,7,0
1,75,6,1,3,5,7,10,0
1,57,6,1,1,5,5,10,0
1,78,6,1,5,5,7,10,0
1,80,4,1,5,5,7,10,0
1,56,6,1,3,3,5,10,0
1,36,4,3,5,5,6,10,0
1,54,5,3,1,3,10,10,0
5,63,6,3,1,3,10,10,1
1,54,6,3,1,3,4,10,1
1,60,8,3,1,3,1,7,0
1,54,5,3,5,3,10,10,1
5,60,2,3,1,3,2,7,0
5,54,6,1,1,3,10,10,1
5,30,5,3,1,3,10,10,0
1,42,6,3,1,3,10,10,1
5,70,5,3,1,3,4,10,1
1,36,6,1,3,3,5,10,0
1,48,6,3,2,3,5,10,0
1,80,8,1,3,3,6,10,0
1,48,6,3,3,3,5,10,0
1,63,6,3,3,3,5,10,1
5,56,3,6,3,3,6,10,0
1,42,6,3,3,3,5,10,0
1,36,6,1,3,3,5,10,0
1,63,8,1,3,3,7,10,0
1,72,6,3,3,3,5,10,0
5,30,5,3,2,3,5,10,1
5,36,5,3,1,3,6,10,1
5,54,5,3,1,3,6,7,0
1,42,5,3,1,3,5,7,0
5,14,5,3,2,3,6,10,0
5,25,5,3,2,3,5,7,0
5,56,5,3,3,3,6,7,1
1,42,5,3,3,3,5,10,0
1,12,5,3,3,3,6,7,0
5,36,6,1,1,3,5,7,0
1,63,2,1,1,3,6,10,0
1,48,5,3,3,3,5,10,0
1,40,5,3,1,3,6,10,0
5,48,5,3,3,3,5,10,0
5,40,5,3,3,3,6,7,1
1,48,6,3,3,3,5,10,0
1,42,6,3,3,3,5,10,1
1,35,6,3,3,3,5,10,0
1,48,6,3,3,3,5,10,1
5,112,5,3,1,3,4,7,0
1,63,5,3,3,3,5,10,1
1,42,5,3,1,3,10,7,0
1,12,6,1,1,3,10,10,0
5,108,6,3,1,3,4,7,2
5,48,8,3,1,3,8,10,0
1,42,5,3,1,3,4,10,0
1,108,6,1,1,3,10,10,2
5,90,6,1,2,3,10,10,0
5,63,5,3,1,3,10,10,1
1,16,5,3,2,3,10,7,0
1,30,5,3,1,3,5,10,0
1,42,5,3,1,5,10,10,0
5,60,5,3,1,3,10,7,2
5,20,5,3,2,3,10,10,0
1,35,5,3,3,3,10,7,0
5,9,5,3,2,3,10,7,2
1,49,5,3,1,3,10,10,0
5,30,5,3,1,3,10,7,0
1,36,5,3,1,3,7,7,0
1,42,6,1,1,3,7,7,0
5,42,5,3,1,3,7,10,2
1,126,6,1,1,3,7,10,2
5,40,5,3,1,5,5,10,0
1,63,5,3,1,3,7,10,1
5,42,5,3,1,5,6,10,1
5,30,5,3,1,5,7,10,1
5,42,6,1,1,3,5,10,0
5,48,6,3,1,3,5,10,0
5,46,6,3,1,3,5,10,0
5,63,6,3,1,3,5,10,0
5,42,6,3,1,3,5,10,0
5,42,6,3,1,3,5,10,0
5,56,6,1,1,3,5,10,0
5,48,5,3,1,3,5,10,0
5,36,6,3,1,3,5,10,0
5,42,6,1,1,3,5,10,0
5,63,6,3,1,3,7,10,0
5,42,5,3,1,3,7,10,0
5,63,6,3,1,3,7,10,0
5,42,7,6,1,3,7,10,0
5,48,6,3,1,3,7,10,0
5,42,6,3,1,3,7,10,0
5,84,6,3,1,3,7,10,0
5,63,6,3,1,3,7,10,0
5,42,6,3,2,3,7,10,0
5,72,6,3,1,2,5,10,1
5,54,6,3,1,2,5,10,0
5,90,6,3,1,2,5,10,0
5,52,6,3,1,2,5,10,0
5,54,6,3,1,2,5,10,0
5,54,6,3,1,2,6,10,0
1,72,6,3,2,1,5,10,0
5,60,6,3,1,1,5,10,0
5,54,6,3,1,2,5,10,0
5,54,6,3,1,2,5,10,0
1,77,5,3,1,1,5,7,1
5,63,6,3,1,1,5,7,1
1,48,6,3,2,2,5,10,0
1,54,6,3,1,1,5,10,1
1,54,6,3,1,2,5,10,0
1,60,6,3,1,2,5,10,0
1,60,6,3,1,1,5,10,0
1,56,6,3,1,1,5,10,0
1,48,6,3,2,2,5,10,0
1,54,6,3,1,1,5,10,0
1,42,6,3,3,3,5,10,0
1,56,6,1,1,3,5,10,0
1,42,6,3,3,3,5,10,0
1,56,6,3,3,3,5,10,0
1,42,6,3,3,3,5,10,0
1,36,6,3,3,3,5,10,0
1,42,6,3,3,3,5,10,0
1,42,6,3,2,3,5,10,0
1,42,6,3,3,3,5,10,0
1,42,6,3,3,3,5,10,0
1,48,6,3,3,1,5,10,0
1,36,6,3,3,1,5,10,0
1,48,6,3,3,1,5,10,0
1,99,6,3,1,1,5,10,0
1,64,6,3,3,1,5,10,1
1,36,6,3,1,1,5,10,0
1,64,2,3,1,1,5,10,0
1,108,2,1,1,1,5,10,0
1,36,6,3,1,1,5,10,0
1,36,6,3,2,1,5,10,1
5,36,5,3,1,3,8,10,3
1,42,5,3,2,3,9,10,0
1,36,5,3,2,3,9,10,0
1,36,5,3,3,5,9,10,0
1,36,5,3,2,5,9,10,0
1,30,5,3,2,3,9,10,0
1,36,5,3,1,3,9,10,0
1,30,5,3,2,3,9,10,0
1,36,5,3,1,3,5,10,0
1,36,5,3,5,3,9,10,0
1,42,5,3,5,3,9,10,0
1,36,4,1,5,5,9,10,0
1,36,5,3,5,3,9,10,0
1,36,5,3,1,3,9,10,0
1,42,4,1,5,5,9,10,0
1,54,5,3,2,3,9,10,0
1,42,5,3,5,5,9,10,0
1,49,4,1,1,3,9,10,0
1,42,4,1,5,3,9,10,0
1,49,4,1,2,3,9,10,0
5,42,5,3,5,3,5,10,0
5,42,5,3,3,5,5,10,0
5,42,6,3,5,5,5,10,0
5,42,6,3,3,3,5,10,1
5,63,6,3,3,3,5,10,0
5,54,5,3,5,3,5,10,0
5,56,2,3,1,3,5,10,0
1,48,2,3,3,5,5,10,0
5,42,5,3,1,3,5,10,0
5,60,5,3,5,3,5,10,0
1,48,5,3,3,3,7,10,0
1,42,5,3,3,3,7,10,0
5,54,5,3,3,3,9,10,0
5,54,5,3,1,3,7,10,0
1,60,5,3,3,3,7,10,0
5,42,5,3,3,3,7,10,0
1,48,5,3,3,3,7,10,0
1,48,5,3,3,3,7,10,0
5,36,5,3,3,3,7,10,0
5,48,5,3,3,3,7,10,0
1,60,6,1,5,5,9,10,0
5,42,6,3,1,3,9,7,1
5,48,5,3,2,5,9,10,0
1,54,2,3,1,3,9,10,0
1,72,6,3,5,3,9,10,0
5,42,6,3,1,3,9,10,0
1,56,6,3,3,3,9,10,0
5,32,4,3,1,3,9,10,1
5,42,6,3,3,3,9,10,0
5,48,5,3,1,5,7,10,1
5,144,5,3,2,3,9,10,1
5,60,5,3,3,3,9,10,0
5,48,5,3,3,5,7,10,0
5,42,5,3,3,3,9,10,0
5,48,5,3,3,5,7,10,0
5,48,5,3,5,5,7,10,0
5,48,5,3,3,5,7,10,0
5,48,5,3,5,5,7,10,0
5,42,5,3,1,5,7,10,0
5,42,5,3,5,3,9,10,0
5,42,6,3,3,3,9,10,0
5,40,5,3,3,3,7,10,1
5,42,5,3,3,3,7,10,0
5,42,6,3,3,3,7,10,0
5,54,5,3,3,3,7,10,1
5,36,5,3,5,3,7,10,0
5,42,5,3,1,3,8,10,0
5,42,5,3,1,3,9,10,0
5,63,5,3,3,3,7,10,0
5,80,6,1,1,1,9,10,0
1,63,6,1,1,1,5,10,0
1,36,6,3,1,1,9,10,1
5,40,6,1,1,1,10,7,0
5,52,4,1,1,1,10,7,0
1,54,6,3,1,1,9,10,0
5,30,6,3,1,2,9,10,1
5,30,6,3,1,2,9,10,1
5,54,3,3,2,1,5,10,0
5,30,6,3,2,1,9,10,0
1,40,6,1,1,1,9,7,1
5,40,6,3,2,1,9,10,1
5,48,6,1,1,1,9,7,1
1,48,6,1,1,1,9,7,1
1,42,6,1,1,1,9,7,1
1,40,6,1,2,1,9,10,1
5,48,6,1,1,1,9,7,1
1,42,6,1,1,1,10,10,0
1,40,6,1,2,1,9,10,0
1,42,6,1,1,1,9,10,1
1,48,4,1,1,3,5,10,2
1,54,4,1,2,3,5,10,1
1,42,4,1,2,3,5,10,2
1,49,4,1,1,3,5,10,1
1,42,4,1,1,3,5,10,2
1,48,4,1,2,3,5,10,0
1,42,4,1,1,3,5,10,1
1,42,6,1,1,3,5,10,1
1,42,4,1,1,3,7,10,1
1,30,4,1,5,3,5,10,1
1,126,6,1,2,3,8,10,1
1,88,6,1,3,3,8,10,0
1,42,6,1,2,3,8,10,1
1,63,6,1,2,3,8,10,0
1,60,6,3,1,3,4,10,1
1,48,6,1,2,3,8,10,0
1,42,6,1,3,3,8,10,0
5,48,6,1,1,3,8,10,0
1,56,6,1,2,3,6,10,1
1,72,6,1,2,3,6,10,0
5,36,6,3,1,1,9,10,1
5,120,2,1,1,1,9,7,3
5,54,6,1,1,1,9,7,1
5,64,5,3,1,1,2,7,2
5,77,6,1,1,1,9,7,2
5,42,6,1,1,1,9,7,1
5,72,6,1,1,1,9,10,0
5,54,5,3,1,1,9,7,2
5,42,6,1,2,1,9,10,0
5,48,5,3,2,1,9,7,2
1,63,4,1,1,3,5,10,1
1,56,4,1,1,3,5,10,1
1,42,6,1,2,3,5,10,1
1,36,4,1,2,3,5,10,1
1,30,8,7,2,5,5,10,0
1,54,4,1,1,3,5,7,1
1,36,4,1,2,3,5,7,1
1,120,4,1,2,3,5,10,1
1,48,4,1,2,3,5,10,0
1,46,4,1,2,3,5,10,1
1,36,6,1,1,3,8,10,1
1,63,6,1,1,3,6,10,1
5,30,8,4,3,5,6,10,0
5,48,5,3,3,3,8,10,1
1,30,6,1,2,3,8,10,0
5,48,4,3,3,3,6,10,0
1,48,6,1,2,3,8,10,0
1,42,5,3,3,3,6,10,0
5,42,6,1,1,3,8,7,1
5,36,4,1,1,3,4,7,1
5,42,2,1,1,3,9,10,0
5,42,2,1,3,3,9,10,0
5,56,6,1,3,3,9,10,0
5,42,6,1,3,3,9,10,0
5,56,5,3,3,3,9,10,0
5,60,2,1,1,3,9,10,0
5,60,2,1,1,3,9,10,0
5,60,2,1,1,3,9,10,0
5,30,5,3,3,3,9,10,0
5,60,2,1,1,3,9,10,0
5,42,6,1,3,1,9,10,0
5,36,6,1,3,1,9,10,1
5,42,6,1,3,1,9,10,0
5,36,6,1,3,1,9,10,1
5,72,6,1,3,5,9,10,0
5,108,2,1,1,1,7,10,2
5,42,6,1,3,1,9,10,1
5,36,6,1,3,5,9,10,1
5,49,5,3,3,1,9,10,2
5,49,6,1,3,1,9,10,1
5,42,6,1,3,5,9,10,1
5,24,5,3,3,5,9,10,0
5,42,6,1,3,5,9,10,1
5,42,6,1,3,5,9,10,0
5,42,5,3,3,5,9,10,1
5,48,6,1,3,5,9,10,2
5,42,5,3,3,5,9,10,1
5,63,6,1,3,5,9,10,1
5,42,6,1,3,5,9,10,1
5,42,6,1,3,5,9,10,1
5,30,5,3,3,3,9,10,0
1,56,6,1,3,3,7,7,0
5,36,5,3,3,3,9,10,0
5,48,5,3,3,3,9,10,0
1,42,4,1,1,3,7,10,0
5,36,5,3,3,3,9,10,0
5,36,6,1,3,3,9,10,1
1,42,6,1,3,3,9,10,0
1,42,6,1,3,3,9,10,0
1,96,6,1,1,1,9,7,2
1,64,6,1,3,1,9,10,1
1,48,6,1,3,1,9,10,0
1,56,6,1,3,1,7,7,0
1,140,6,1,3,1,9,7,1
1,30,8,1,3,1,9,10,0
5,168,2,1,1,1,9,7,2
1,64,6,1,1,1,9,10,1
1,108,2,1,1,1,9,7,4
1,210,6,1,3,1,9,10,0
1,56,6,1,3,1,9,10,0
1,42,6,1,3,1,9,10,0
1,42,6,1,3,1,9,10,0
1,42,5,3,3,1,9,10,0
1,66,6,1,3,1,9,10,0
1,96,5,3,1,1,9,10,4
1,48,2,1,1,1,9,10,0
1,120,2,1,1,1,9,7,4
1,42,5,3,3,1,9,10,0
5,64,6,1,1,1,9,10,0
1,48,6,1,3,1,9,10,0
1,64,6,1,3,1,9,10,1
5,64,6,1,1,1,9,10,2
5,42,6,1,3,1,9,10,0
1,64,6,3,3,1,9,10,0
1,48,6,3,3,2,9,10,0
1,64,6,1,3,1,9,10,0
1,48,6,1,1,1,9,7,0
5,36,6,3,3,2,9,10,1
1,42,5,3,1,1,8,10,0
1,90,5,3,1,1,8,7,1
1,72,6,1,1,1,8,7,1
1,30,6,1,3,1,8,7,0
1,126,2,1,1,1,8,7,1
1,56,6,1,3,1,8,10,0
1,58,6,1,1,1,8,7,0
1,42,6,3,1,1,8,10,0
1,42,2,1,2,3,7,10,1
1,42,6,3,3,3,9,10,1
1,42,6,1,3,3,9,10,1
1,42,6,1,3,3,9,10,1
1,42,6,1,3,3,9,10,1
1,110,6,3,3,3,9,10,3
1,117,2,1,1,5,7,10,1
1,72,2,1,2,3,7,10,1
1,42,2,1,2,3,7,10,1
1,42,5,3,2,3,7,10,1
1,30,5,3,3,1,7,10,0
1,120,2,1,1,1,7,10,1
1,54,2,3,1,1,7,7,1
1,42,2,1,2,2,7,10,1
1,45,2,1,2,1,7,10,1
1,24,6,3,3,1,7,10,0
1,42,5,3,2,1,7,10,1
1,70,2,1,3,1,7,10,1
1,42,6,3,3,1,7,10,1
1,42,6,3,3,1,7,10,1
1,42,6,3,3,1,7,10,1
1,42,2,1,3,1,7,10,1
1,120,2,1,1,1,7,10,1
1,42,2,1,1,1,7,10,1
1,30,6,1,3,1,7,10,1
1,42,2,1,3,1,7,10,0
1,80,2,1,1,1,7,10,0
1,42,5,3,2,1,7,10,1
1,42,2,1,2,1,7,10,1
1,56,3,3,3,1,7,10,0
1,63,6,1,2,1,7,7,4
1,54,2,1,1,1,7,7,4
1,64,2,1,1,1,7,7,1
1,36,6,1,3,1,7,7,1
5,144,2,1,1,1,7,7,3
1,36,6,1,1,1,7,7,0
1,150,6,1,1,1,7,7,2
1,30,6,1,1,1,7,7,2
1,42,2,1,1,1,4,7,2
5,48,2,1,1,1,2,7,1
1,72,9,1,3,1,9,10,1
5,80,6,1,3,1,9,7,1
1,56,6,1,1,1,9,10,0
1,42,6,1,3,1,9,10,0
1,90,2,1,1,1,9,7,0
1,42,6,1,3,1,9,10,1
1,42,6,3,3,1,9,7,1
1,56,8,1,1,1,9,10,1
5,63,6,1,1,1,9,7,1
1,48,2,1,1,1,8,10,0
1,84,2,1,1,1,8,10,0
5,120,2,1,1,1,9,7,1
1,56,2,1,1,1,8,10,0
1,48,6,1,3,1,8,10,0
5,20,5,3,3,2,8,7,1
1,30,6,1,2,1,9,10,0
1,30,6,1,2,1,8,10,0
5,96,2,1,1,1,2,7,2
1,30,5,3,3,1,8,10,0
1,99,6,1,1,1,8,7,0
1,30,5,3,1,1,8,7,0
1,110,2,1,1,1,8,7,1
1,49,6,1,3,1,8,7,0
1,56,6,1,3,1,8,7,0
1,58,6,1,3,1,8,7,0
1,49,6,1,3,1,8,7,2
1,49,2,1,2,1,8,7,1
1,72,6,1,1,1,8,7,1
1,72,6,1,3,1,8,10,0
1,42,6,3,1,1,8,7,0
1,63,6,1,1,1,8,7,1
1,24,6,1,2,1,8,7,1
1,48,6,1,3,1,8,7,1
1,84,2,1,1,1,8,7,2
1,72,6,1,1,1,8,7,1
1,72,6,1,3,1,8,7,0
1,56,6,1,1,1,8,7,1
5,36,6,1,3,3,7,10,1
5,36,6,1,3,5,7,10,1
5,56,6,1,3,5,9,10,1
5,56,2,1,2,5,8,10,1
5,48,5,3,3,3,7,10,0
5,63,5,3,1,3,7,7,2
5,49,3,6,3,5,7,10,1
5,48,2,1,3,3,7,10,1
5,58,6,1,3,5,7,10,1
5,72,6,1,3,5,7,10,2
5,42,6,1,3,5,9,10,1
5,42,6,1,3,5,9,10,0
5,60,6,1,3,5,9,10,1
5,36,6,1,3,5,9,10,1
5,42,6,1,1,3,9,10,1
5,60,6,1,3,5,9,10,1
5,42,6,1,3,5,9,10,2
5,35,6,1,3,5,9,10,1
5,42,6,1,1,5,9,10,1
5,30,5,3,3,5,9,10,0
1,20,5,3,3,3,9,10,0
1,56,6,1,1,3,9,10,0
1,42,6,1,3,3,9,10,0
1,42,6,1,3,3,9,10,0
1,42,5,3,3,3,9,10,0
1,42,2,1,3,3,9,10,0
1,42,5,3,3,3,9,10,0
1,30,5,3,3,3,9,10,0
1,20,5,3,3,3,9,10,0
1,90,2,1,1,1,8,7,2
1,90,6,1,1,1,9,7,1
5,80,2,1,1,1,9,7,2
1,72,6,1,1,1,8,7,2
1,48,5,3,3,1,9,10,0
1,120,2,1,1,1,8,7,2
1,140,2,1,1,1,9,10,3
1,56,6,1,1,1,9,10,0
1,400,2,1,1,1,9,10,2
5,80,2,1,1,1,10,7,1
1,80,6,1,1,1,8,7,2
1,48,6,1,3,1,8,10,0
1,168,6,1,1,1,8,7,2
5,56,5,3,1,1,8,10,1
1,56,2,1,1,1,8,10,1
1,48,6,1,3,1,8,10,1
1,120,2,1,1,1,8,7,1
5,48,6,1,1,1,8,7,2
1,42,6,1,3,1,8,7,0
1,48,6,1,3,1,8,10,0
1,36,6,1,3,1,8,10,0
1,72,6,1,3,1,9,10,0
1,30,6,1,3,1,9,10,0
1,36,6,1,1,3,9,10,0
1,42,6,1,3,1,9,10,0
1,72,6,1,1,1,9,7,1
1,56,6,1,3,1,9,10,0
1,42,6,1,3,1,9,10,0
1,72,6,1,3,2,8,10,1
1,42,6,1,1,3,9,7,2
5,42,6,1,3,3,8,7,0
1,63,2,1,3,2,9,10,0
1,42,6,1,1,3,10,7,1
1,36,6,1,3,2,9,10,0
1,63,2,3,1,3,8,7,1
1,120,5,3,3,3,8,10,3
1,42,6,1,3,2,8,10,2
1,42,6,1,3,2,8,10,0
1,48,6,1,1,3,10,7,2
1,56,6,1,1,3,8,7,2
1,42,5,3,3,3,8,10,0
1,56,2,1,1,3,8,7,3
5,36,6,1,3,2,9,10,0
1,60,6,3,3,2,8,10,0
1,42,6,3,3,2,8,10,0
1,42,6,3,3,3,8,10,0
5,48,6,1,3,2,8,7,1
1,72,2,1,3,2,8,10,1
1,72,5,3,3,3,8,7,1
5,56,2,1,1,1,2,7,1
5,165,6,1,1,1,5,7,1
5,48,6,3,1,1,2,7,2
5,42,6,3,2,1,5,7,1
5,64,6,3,1,1,2,7,1
5,56,6,3,1,1,5,7,2
5,72,6,3,1,1,6,7,1
5,81,6,1,1,1,2,7,1
5,64,6,3,1,1,8,7,1
5,70,2,1,1,1,2,7,1
5,49,2,1,1,1,4,7,2
5,48,6,1,1,1,5,7,1
5,36,6,3,1,1,2,7,2
5,70,6,3,1,1,4,7,2
5,72,6,3,1,1,5,7,3
5,42,6,3,1,1,5,7,2
5,36,6,3,1,1,5,7,1
5,36,6,3,1,1,2,7,1
5,48,6,1,1,1,2,7,2
5,84,6,1,2,1,4,7,3
5,35,6,1,2,1,2,7,0
5,48,6,1,3,1,5,7,0
5,72,2,3,1,1,4,7,1
5,56,6,3,1,1,2,7,1
5,30,6,3,5,1,2,7,1
5,72,2,1,2,1,4,10,0
5,35,2,3,2,1,2,7,1
5,40,6,3,1,1,2,7,2
5,80,6,1,1,1,5,7,7
5,63,6,1,1,1,5,7,3
5,55,6,1,2,1,5,7,2
5,63,2,1,1,1,4,7,1
1,40,6,1,1,1,4,7,2
5,48,6,1,2,1,5,7,1
5,30,6,1,1,1,2,7,2
5,32,2,1,1,1,2,7,3
5,30,2,3,2,2,2,0,1
5,30,2,3,1,1,2,7,0
5,36,6,3,5,1,6,10,0
5,60,6,3,1,1,5,10,1
5,49,6,3,5,1,8,10,0
1,49,6,3,5,1,5,10,0
5,36,6,3,5,1,5,10,0
1,36,6,3,5,1,5,10,0
5,49,6,3,2,1,5,10,0
5,60,5,3,5,1,6,10,0
5,49,6,3,5,1,7,10,0
5,49,6,3,5,1,8,10,0
5,180,2,1,1,1,5,7,1
5,48,4,1,1,1,5,7,0
5,72,6,3,1,1,5,7,0
1,48,6,1,1,1,5,7,2
1,48,6,3,1,1,5,10,0
1,96,4,1,1,1,5,7,1
5,170,4,1,1,1,5,7,1
5,40,6,3,1,1,5,7,1
5,36,6,3,1,1,6,10,0
5,90,4,3,1,1,5,7,2
1,36,6,1,1,1,6,7,0
1,72,2,1,1,1,5,7,0
1,36,6,3,1,1,6,7,1
5,72,2,1,1,1,5,7,1
1,20,6,3,2,1,6,7,1
1,54,6,3,1,1,5,7,2
1,117,6,1,1,1,5,7,2
1,63,6,3,1,1,4,7,0
1,54,6,3,1,1,4,7,0
5,108,2,1,1,1,5,3,1
5,90,6,3,1,1,5,7,2
5,49,6,1,1,1,5,7,2
5,80,5,3,1,1,6,7,1
5,42,6,3,1,1,6,7,2
1,54,6,3,1,1,5,7,1
1,72,6,1,1,1,6,7,1
1,72,6,3,1,1,5,7,2
5,54,6,1,1,1,6,7,0
1,45,6,3,1,1,6,7,1
1,36,6,3,1,1,6,7,0
5,260,2,1,1,1,6,7,3
5,45,6,1,1,1,6,10,1
5,144,2,1,1,1,6,7,3
5,96,2,1,1,1,6,7,3
5,300,2,1,1,1,6,7,2
5,96,6,1,1,1,6,7,1
5,30,6,3,1,1,6,10,1
5,84,2,1,1,1,6,10,1
5,36,8,3,5,1,6,10,2
5,108,2,1,1,1,6,7,3
5,108,6,3,1,1,9,7,3
5,18,6,3,3,1,2,7,1
5,54,6,3,1,1,6,10,0
5,63,6,3,1,1,6,7,1
5,96,6,1,1,1,6,7,2
5,54,2,1,1,1,6,7,0
5,32,6,3,1,1,2,7,0
5,220,2,1,1,1,2,7,1
5,150,6,1,1,1,6,7,2
5,108,6,3,1,1,6,10,3
5,108,2,1,1,1,5,7,1
5,80,2,1,1,1,5,7,1
5,42,6,1,1,1,5,10,1
5,63,2,1,1,1,5,7,2
5,100,6,1,1,1,5,10,1
5,63,6,1,1,1,5,10,1
5,49,6,3,1,1,5,7,2
5,36,6,3,1,1,5,7,1
5,49,6,3,1,2,5,7,2
5,75,6,3,2,1,5,10,2
5,48,6,1,1,1,5,7,1
5,48,6,1,1,1,5,7,3
5,40,6,1,1,1,4,10,2
5,70,6,3,1,1,5,10,0
5,36,6,3,1,1,6,10,1
5,60,6,3,1,1,6,7,2
5,42,6,1,1,1,6,10,1
5,48,6,3,1,1,5,10,1
5,48,6,3,1,1,5,7,2
5,54,6,3,2,1,5,0,1
5,77,6,1,1,1,4,7,2
5,56,6,1,1,1,6,10,1
5,56,6,1,1,1,5,10,3
5,49,6,1,1,1,5,10,1
5,36,5,3,2,1,5,7,1
5,36,6,3,1,1,6,7,1
5,65,5,3,3,5,5,7,1
5,48,6,3,2,1,5,10,0
5,42,6,3,1,2,8,10,0
5,42,2,1,1,1,4,7,0
5,108,6,3,1,1,4,7,0
5,56,6,3,2,1,4,10,0
5,84,6,3,3,2,5,10,0
5,48,6,1,1,1,4,10,0
5,48,5,3,3,5,8,10,0
5,42,6,3,1,1,5,10,0
5,40,6,3,2,1,5,10,0
5,46,5,3,3,1,5,10,1
5,72,6,1,1,1,5,10,0
5,42,6,3,1,1,5,10,0
5,56,6,1,1,1,5,10,0
5,42,6,3,1,1,5,10,0
5,46,6,3,2,1,5,10,0
5,42,5,3,2,5,5,10,1
5,108,2,3,1,1,4,7,1
5,56,6,3,1,1,4,7,4
5,56,6,3,1,1,6,10,1
5,56,6,3,1,1,5,10,1
5,120,2,1,1,1,2,7,1
5,48,6,3,1,1,5,10,0
5,56,6,3,1,1,5,10,0
5,42,6,3,1,1,6,10,1
5,56,6,3,1,1,6,10,1
5,42,6,3,1,1,8,7,0
1,42,2,1,1,1,5,10,0
1,40,5,3,3,5,9,10,2
1,80,5,3,1,1,5,10,0
1,48,5,3,1,1,5,10,0
1,63,2,1,1,1,7,10,0
1,42,5,3,1,1,8,10,0
5,48,5,3,1,1,5,10,0
5,15,5,3,3,5,9,10,1
5,16,6,3,5,5,2,7,1
5,36,8,3,5,5,5,10,1
1,42,6,1,1,1,5,10,0
1,42,6,1,2,1,7,10,0
5,42,5,3,2,1,7,10,0
1,128,5,3,2,1,7,10,0
5,216,2,1,1,1,5,0,0
5,108,2,1,1,1,7,7,4
5,42,5,3,2,1,7,10,0
1,40,5,3,1,1,5,10,0
5,42,6,3,2,1,7,10,0
5,24,5,3,2,1,7,10,0
1,36,6,3,2,1,5,10,2
1,82,6,3,3,1,6,10,0
5,84,6,3,2,1,6,10,1
5,36,6,3,5,1,5,10,0
5,48,2,1,1,5,5,10,0
5,48,2,1,1,5,6,10,0
5,72,6,3,5,1,5,10,1
5,72,6,3,2,1,5,10,0
5,63,2,1,1,5,6,10,0
5,61,6,3,5,1,5,10,0
5,56,5,3,1,1,5,10,0
5,50,5,3,3,1,5,10,0
5,50,6,3,3,1,5,10,0
5,63,6,1,1,1,2,10,5
1,42,6,1,1,1,5,10,1
5,48,6,3,1,1,5,10,1
5,65,6,1,3,1,5,10,1
5,66,6,1,3,1,5,10,0
5,64,5,3,3,1,5,10,0
5,64,7,6,5,5,9,10,0
5,49,6,3,5,5,9,10,0
5,56,7,4,5,5,9,10,0
5,108,6,1,1,5,8,10,0
5,72,7,4,5,5,9,10,0
5,42,7,3,5,5,9,10,0
5,63,7,7,5,5,9,10,0
5,63,7,6,5,5,9,10,0
5,77,7,6,5,5,9,10,0
5,72,7,7,5,5,9,10,0
5,49,7,3,5,5,9,10,0
5,56,7,3,5,5,9,10,0
5,54,6,1,5,5,9,10,0
5,42,6,1,5,5,9,10,2
5,42,6,3,5,5,9,10,0
5,72,7,3,5,5,9,10,0
5,49,6,3,5,5,9,10,0
5,36,7,7,5,5,9,10,0
5,81,7,3,5,5,9,10,0
1,91,5,3,2,3,9,10,2
1,91,5,3,5,3,9,10,0
1,84,3,3,2,3,9,10,1
1,72,5,3,2,3,9,10,0
5,72,5,3,1,3,9,7,0
1,42,5,3,1,3,9,10,0
1,96,5,3,1,3,9,10,1
1,70,5,3,1,3,10,10,1
1,70,5,3,2,3,9,10,1
1,98,5,3,5,3,9,10,1
1,42,5,3,5,3,9,10,1
1,70,5,3,5,3,9,10,1
1,35,5,3,5,3,9,10,0
5,42,5,3,2,5,7,10,0
1,42,6,1,2,5,7,10,0
1,42,5,3,5,5,8,10,0
1,42,5,3,2,5,7,10,0
1,42,5,3,2,5,7,10,0
1,42,5,3,5,5,7,10,0
1,36,6,1,5,5,7,10,0
5,42,5,3,2,5,7,10,0
5,90,6,1,1,5,7,10,0
1,48,6,3,2,5,7,10,0
1,12,8,3,5,5,7,10,0
1,18,7,3,1,5,7,10,0
1,72,5,7,5,5,7,10,0
1,42,6,3,2,5,7,10,0
1,72,4,1,5,5,7,10,0
1,90,6,1,2,5,7,10,1
5,56,6,1,1,5,7,10,0
5,49,6,1,2,5,7,10,0
5,49,6,3,5,5,7,10,2
5,48,6,1,2,5,7,10,0
1,99,8,1,1,5,7,10,1
5,48,6,1,2,5,7,10,0
5,48,6,3,2,5,7,10,0
5,48,8,1,2,5,7,10,0
1,42,6,1,5,5,7,10,0
1,56,4,1,2,5,7,10,2
1,48,5,3,5,5,7,10,0
1,42,6,3,5,5,7,10,0
1,56,9,3,2,5,7,10,0
1,96,9,3,2,3,7,10,1
1,42,5,3,2,3,7,10,1
5,42,9,3,2,5,7,10,0
5,56,9,3,2,5,7,10,0
5,60,9,3,2,5,7,10,0
1,56,5,3,2,5,7,10,1
5,36,9,3,1,3,7,10,0
5,56,9,3,2,5,7,10,0
5,56,9,3,2,5,7,10,0
5,60,9,3,2,5,7,10,1
5,50,5,4,2,5,7,10,0
1,36,5,3,2,3,7,10,1
5,36,5,3,1,5,7,10,0
5,56,5,3,2,5,7,10,0
5,56,6,1,2,5,7,10,1
5,42,9,3,2,5,7,10,0
5,36,9,3,2,3,7,10,1
5,56,9,3,2,5,7,10,0
5,96,5,3,2,5,7,10,0
5,36,5,3,5,3,7,10,0
5,36,5,5,5,5,7,10,0
5,30,5,3,5,5,7,10,0
5,36,5,3,5,5,7,10,0
5,36,5,3,5,5,7,10,0
5,36,5,3,5,5,7,10,0
5,36,5,3,5,5,7,10,0
5,34,5,3,5,5,7,10,0
5,30,5,5,5,5,7,10,0
5,36,5,3,5,5,7,10,0
1,36,5,3,2,5,7,10,0
5,36,5,3,2,5,7,10,0
5,36,5,3,2,5,7,10,0
5,36,5,3,2,5,7,10,0
5,36,5,3,2,5,7,10,0
5,36,5,3,2,5,7,10,0
5,36,5,1,2,5,7,10,0
5,36,5,3,2,5,7,10,0
5,36,5,3,2,5,7,10,0
5,36,7,3,2,5,7,10,0
5,30,5,3,2,3,7,10,0
5,30,5,3,1,3,7,10,0
5,54,5,3,1,3,8,10,0
5,42,5,3,2,3,8,10,0
5,25,5,3,1,3,8,10,0
5,30,5,3,5,3,8,10,0
5,56,5,3,1,3,7,10,0
5,70,5,7,2,3,8,10,0
5,50,9,7,5,3,7,10,0
5,21,5,3,5,3,7,10,0
5,48,5,3,1,3,7,10,0
5,48,5,7,2,3,7,10,0
5,36,5,3,1,5,7,10,0
5,63,9,7,1,3,7,10,0
5,84,5,3,5,3,7,10,0
5,90,9,3,1,3,7,10,0
5,64,9,3,3,3,7,10,0
5,63,5,3,2,3,5,10,1
5,64,5,3,3,3,7,10,0
5,56,9,3,3,3,7,10,0
5,64,9,3,1,3,7,10,0
5,84,4,3,3,3,7,10,0
5,70,9,3,3,3,7,10,0
5,56,5,3,5,3,7,10,0
5,108,5,3,5,3,7,10,0
5,56,9,3,3,3,7,10,0
5,96,6,3,2,3,7,10,0
5,35,5,3,5,3,7,10,0
5,42,5,3,5,3,7,10,1
5,72,9,3,3,3,7,10,0
5,80,9,3,3,3,7,10,0
5,84,5,3,5,3,7,10,0
5,84,5,3,5,3,7,10,0
5,84,9,5,2,3,7,10,0
5,72,5,3,5,3,7,10,0
5,56,9,3,3,3,7,10,0
5,63,9,3,3,3,7,10,0
5,96,5,3,5,3,7,10,0
5,64,5,3,3,3,7,10,0
5,80,3,3,3,3,7,10,0
5,80,5,3,3,3,7,10,0
5,36,5,3,5,5,7,10,0
5,36,5,5,5,5,7,10,0
5,35,5,3,5,5,7,10,0
5,30,5,5,5,5,7,10,0
5,36,5,3,5,5,7,10,3
5,25,5,3,5,5,7,10,0
5,38,5,5,5,5,7,10,0
5,38,5,5,5,5,7,10,0
5,38,5,5,5,5,7,10,0
5,36,5,5,5,5,7,10,0
5,35,5,3,2,5,7,10,0
5,30,5,3,2,5,7,10,0
5,30,5,3,2,5,7,10,0
5,70,5,3,2,5,7,10,0
5,36,5,3,2,5,7,10,0
5,36,5,3,2,5,7,10,0
5,36,5,3,2,5,7,10,0
5,30,5,5,2,5,7,10,0
5,36,5,3,2,3,7,10,0
5,120,5,3,2,5,1,10,1
5,84,5,3,1,3,7,10,0
5,96,9,3,3,3,7,10,0
5,96,9,7,1,3,7,10,0
5,56,9,3,3,3,7,10,0
5,72,9,3,3,3,7,10,0
5,72,9,3,3,3,7,10,0
5,72,9,3,3,3,7,10,0
5,84,9,3,5,3,7,10,0
5,30,5,5,5,3,7,10,0
5,63,9,7,5,3,7,10,0
1,32,5,3,3,5,8,10,0
1,60,5,3,1,5,7,10,0
1,42,5,3,1,5,8,10,0
1,42,5,3,1,5,8,10,0
1,32,5,3,3,5,8,10,0
1,32,5,3,1,5,7,10,0
5,42,5,3,3,3,8,10,0
1,48,5,5,2,5,8,10,0
1,54,5,5,1,5,8,10,0
1,41,5,3,1,5,7,10,0
1,24,5,3,3,5,8,10,0
1,72,5,3,3,5,8,10,0
1,48,5,3,5,5,8,10,0
1,24,5,3,3,5,8,10,0
1,56,5,3,5,5,8,10,0
1,48,6,3,5,5,8,10,0
1,42,2,1,5,5,6,10,0
5,35,5,3,3,5,7,10,0
5,40,5,3,3,5,7,10,0
5,36,6,1,3,3,7,10,0
1,83,6,1,2,5,7,10,1
5,30,5,3,3,5,7,10,0
5,36,6,1,3,3,7,10,0
5,30,5,3,3,5,7,10,0
5,35,2,1,3,5,7,10,0
5,48,6,1,2,3,7,10,0
5,36,5,3,3,5,7,10,0
5,47,6,1,2,5,7,10,1
1,80,6,1,3,5,7,10,1
5,48,6,1,2,5,7,10,1
5,36,5,3,3,5,8,10,0
1,56,6,1,2,5,7,10,1
1,48,6,1,2,5,7,10,0
5,48,6,1,2,5,7,10,1
1,45,5,3,3,5,7,10,1
1,48,6,1,2,5,7,10,0
5,48,6,1,2,5,7,10,1
5,30,5,7,5,5,9,10,0
5,30,5,7,5,5,9,10,0
5,40,5,7,5,5,9,10,0
5,36,5,3,5,5,9,10,0
5,30,5,3,5,5,9,10,0
5,36,5,3,5,5,9,10,0
5,36,5,3,5,5,9,10,0
5,40,5,3,5,5,9,10,0
5,36,5,3,5,5,9,10,0
5,30,5,3,5,5,9,10,0
5,42,5,3,3,5,7,10,0
5,40,5,7,5,5,7,10,0
5,40,5,3,5,5,7,10,0
5,36,5,7,5,5,7,10,0
5,36,6,1,3,5,7,10,0
5,40,5,7,5,5,7,10,0
5,40,5,3,5,5,7,10,0
5,41,5,7,5,5,7,10,0
5,30,5,7,5,5,7,10,0
5,50,2,1,1,5,5,10,2
1,42,5,3,3,5,7,10,0
5,80,6,1,2,5,7,10,1
1,48,5,3,2,5,7,10,1
1,72,5,3,2,5,7,10,0
1,42,6,3,2,5,7,10,0
1,56,5,3,2,5,7,10,0
1,48,6,1,2,5,7,10,0
1,72,6,3,2,5,7,10,0
1,108,6,1,2,5,7,10,0
1,24,5,5,2,5,7,7,0
1,56,5,7,2,5,7,10,0
1,42,5,3,2,5,7,10,0
1,24,5,3,3,5,7,10,0
1,24,5,3,2,5,7,10,0
1,49,5,3,2,5,7,10,0
1,36,5,3,2,5,7,10,0
1,24,5,5,2,5,7,10,0
1,30,5,3,2,5,7,10,0
1,46,5,3,2,5,7,10,0
5,24,5,3,2,5,7,10,1
1,28,5,3,2,5,7,10,0
1,36,5,3,2,5,7,10,0
1,24,5,3,2,5,7,10,0
1,28,5,3,2,5,7,10,0
1,36,5,3,2,5,7,10,1
5,28,5,3,2,5,7,10,1
1,36,5,3,2,5,7,10,1
5,300,2,1,1,1,2,3,3
5,105,2,1,1,1,3,7,2
1,48,2,1,1,1,2,7,2
1,63,2,1,2,1,2,7,0
1,48,6,1,2,1,2,7,2
5,105,2,1,1,1,2,3,1
5,90,2,1,1,1,2,3,2
5,24,2,1,1,1,2,7,1
5,24,2,3,2,1,2,7,0
1,18,6,1,2,1,2,7,1
1,30,5,3,2,1,2,7,1
1,72,2,1,1,1,3,7,0
5,72,6,1,1,1,2,7,1
1,48,6,1,5,1,2,7,0
1,80,2,1,1,1,2,7,1
5,24,2,1,1,1,1,7,1
5,16,5,3,2,1,2,7,0
5,30,6,1,2,1,1,0,2
1,15,6,1,2,1,2,7,2
5,12,6,3,2,1,2,7,1
5,72,2,1,1,1,2,7,1
1,48,6,1,1,1,2,7,1
5,48,6,1,1,1,2,7,1
1,96,2,1,1,1,2,3,2
5,24,5,1,1,1,4,7,1
5,120,2,1,2,1,2,3,0
1,300,2,1,2,1,5,7,1
5,400,2,1,1,1,4,7,2
5,48,2,1,1,1,2,7,1
5,24,6,1,1,1,2,7,1
5,60,2,1,1,1,1,7,1
5,115,2,1,1,1,5,7,1
1,48,2,1,1,1,5,7,0
5,36,2,1,1,1,5,7,1
1,48,6,1,1,1,5,7,1
1,84,6,1,1,1,4,7,3
1,48,2,1,1,1,5,7,1
1,36,2,1,2,1,2,7,0
5,96,2,1,1,1,2,7,3
5,24,6,1,1,1,4,7,1
1,48,6,1,1,2,2,7,1
1,48,6,3,1,1,2,7,2
5,48,6,1,1,1,2,7,3
5,80,8,1,1,1,1,7,1
5,96,2,1,1,1,1,7,2
5,72,2,1,1,1,4,7,1
1,48,1,1,1,1,2,7,1
5,108,2,1,1,1,1,7,2
5,54,2,1,1,1,2,7,2
5,36,2,1,1,1,2,7,0
5,45,2,1,1,1,2,7,1
5,48,2,1,1,1,4,7,1
5,54,6,1,1,1,2,7,1
1,77,2,1,1,1,4,7,2
1,150,6,1,1,1,5,7,0
5,120,6,1,1,1,2,7,1
5,64,2,1,1,1,2,7,4
5,150,2,1,1,1,2,7,2
5,42,8,3,5,1,2,7,1
5,42,8,3,3,5,10,7,0
5,96,6,1,1,1,2,7,2
5,120,1,1,1,1,3,7,1
5,196,1,1,1,1,2,3,1
5,47,1,1,1,1,2,7,0
5,113,1,1,1,1,10,7,0
5,98,1,1,2,1,3,7,0
5,57,1,1,1,1,1,3,1
5,24,1,1,2,1,2,7,1
5,112,1,1,1,1,2,7,1
1,118,6,1,1,1,10,7,0
5,24,6,1,1,1,2,7,1
5,140,1,1,1,1,2,7,2
1,54,6,1,1,1,2,7,1
1,18,6,1,1,2,2,7,1
5,300,6,1,1,1,2,7,1
5,32,6,1,1,1,2,3,2
5,18,6,1,1,1,2,7,1
5,12,6,1,1,1,2,7,1
5,12,6,3,1,1,5,7,1
5,42,1,1,1,1,2,7,2
5,42,6,1,1,1,2,7,0
5,91,1,1,1,1,2,7,1
5,96,1,1,1,1,2,7,4
5,84,1,1,1,1,2,7,2
5,18,1,1,1,1,2,7,1
5,60,2,1,2,1,2,7,2
5,18,3,3,1,1,2,7,1
5,18,1,1,1,1,2,7,1
5,18,3,1,1,1,2,7,1
5,18,1,1,1,1,2,7,1
5,63,2,1,2,1,3,7,0
1,42,2,1,1,1,3,7,1
5,80,6,3,1,1,10,7,1
5,80,6,1,2,1,3,7,2
1,90,6,1,1,1,3,7,1
5,38,6,1,2,1,3,10,0
5,38,6,1,2,1,3,10,0
5,45,6,1,1,1,3,10,0
5,56,1,1,1,1,2,7,1
5,36,1,1,1,1,2,7,0
5,18,2,1,1,1,2,7,1
5,143,2,1,1,1,2,7,5
5,80,2,1,1,1,5,7,0
5,42,8,3,1,1,10,7,0
5,90,2,1,1,1,2,7,0
5,300,2,1,1,1,2,7,1
5,12,2,1,3,1,2,7,1
5,9,6,3,3,1,2,7,1
5,60,2,1,1,1,1,7,2
5,45,2,1,1,1,2,7,2
5,160,2,1,1,1,2,7,0
5,72,6,1,1,1,2,7,3
5,49,2,1,1,1,2,7,3
5,36,6,1,1,1,2,7,1
5,32,2,1,1,1,2,7,1
5,24,2,1,1,1,2,7,1
5,28,6,1,1,1,2,7,1
5,15,6,3,3,1,3,7,2
5,96,2,1,1,1,2,3,1
5,120,6,1,1,1,2,7,1
5,120,4,1,1,1,2,7,2
5,120,4,1,1,1,2,7,2
5,120,4,1,1,1,2,7,0
5,120,6,1,1,1,2,7,0
1,120,4,1,1,1,2,7,1
5,24,6,1,1,1,2,7,1
5,150,2,1,1,1,2,7,2
5,120,4,1,1,1,2,7,2
5,120,2,1,1,1,2,7,1
5,35,4,1,1,1,2,7,2
5,70,2,1,1,1,2,7,3
5,108,4,1,1,1,2,7,0
1,70,2,1,1,1,2,7,1
5,35,4,1,1,1,2,7,2
5,35,4,1,1,1,2,7,3
5,36,4,1,1,1,2,7,2
5,18,4,1,1,1,2,7,0
5,25,4,1,1,1,2,7,1
5,96,2,1,1,1,2,7,0
5,54,2,1,1,1,2,7,2
5,84,4,1,1,1,4,7,4
1,30,6,1,3,2,4,7,0
5,170,4,1,1,1,2,3,0
5,15,6,4,1,5,4,10,0
1,42,5,3,1,1,4,7,1
5,114,6,1,1,1,4,7,0
5,42,5,3,2,1,4,7,0
5,24,6,7,2,1,4,7,0
5,63,4,1,1,1,2,7,2
1,120,2,1,1,1,3,7,1
5,60,2,1,1,1,3,7,1
5,24,8,3,2,1,2,7,0
5,60,6,1,1,1,2,7,1
5,120,2,1,1,1,3,7,1
1,120,2,1,1,1,3,7,1
5,240,2,1,1,1,2,3,1
5,96,2,1,1,1,2,3,1
5,30,2,1,1,1,2,7,0
5,60,5,3,2,1,3,10,0
5,20,6,1,1,1,2,7,0
5,24,6,1,1,1,2,7,0
5,80,6,1,1,1,2,7,0
5,56,2,1,1,1,2,7,1
5,32,5,3,1,1,2,7,1
5,36,5,3,5,1,2,7,0
5,40,5,3,1,1,2,7,1
5,20,6,1,1,1,2,7,0
1,84,2,1,1,1,3,7,2
5,91,2,1,1,1,2,7,1
5,15,6,1,1,1,2,7,1
5,60,2,1,1,1,2,7,2
5,150,2,1,1,1,2,7,3
1,36,6,1,2,1,5,7,0
1,72,2,1,1,1,3,7,3
5,99,2,1,1,1,3,7,1
5,72,2,1,1,1,2,7,3
1,60,6,1,1,1,4,7,0
5,50,8,3,3,1,6,7,1
5,100,2,1,1,1,3,7,3
5,12,3,1,2,1,2,0,1
5,48,2,1,1,1,2,7,1
5,150,2,1,1,1,3,7,0
5,150,2,1,1,1,3,3,2
5,63,3,3,1,1,2,7,2
5,84,2,1,1,1,2,7,1
5,12,3,1,2,1,2,7,2
5,32,5,3,2,1,2,7,2
5,6,2,1,3,1,1,0,1
5,32,6,1,1,2,2,7,1
5,48,6,1,1,2,10,10,0
5,48,5,3,1,2,10,7,1
5,21,2,1,1,1,2,7,1
1,24,6,1,1,2,2,7,0
5,18,6,1,2,2,2,7,1
5,42,5,3,1,2,3,10,1
5,30,6,3,1,2,2,7,1
1,80,2,1,1,1,2,7,2
5,42,2,1,1,1,2,7,2
5,9,5,3,2,1,3,7,1
5,42,3,3,1,1,5,7,1
5,96,5,3,2,1,2,7,1
5,60,5,3,1,1,3,7,0
5,80,5,3,1,1,3,7,0
5,300,2,1,1,1,3,3,1
5,72,3,1,1,1,2,7,1
5,18,5,3,1,1,3,7,1
5,54,5,3,1,1,10,7,0
5,24,2,1,3,1,3,7,0
5,70,2,1,1,1,2,7,0
1,24,5,3,2,1,2,7,0
5,13,5,3,3,1,2,7,0
1,56,6,3,1,1,2,7,0
5,117,2,1,1,1,2,7,2
5,24,6,3,3,1,2,7,0
5,64,2,1,1,1,2,7,1
5,35,6,1,1,1,2,7,0
5,34,6,1,2,1,2,7,0
5,70,2,1,1,1,2,7,2
1,16,6,1,1,1,2,7,0
1,9,6,1,2,1,2,7,0
1,10,5,3,2,1,2,7,1
5,18,5,3,1,1,10,7,1
1,27,2,1,2,1,10,7,2
5,18,2,1,1,1,2,7,1
1,9,5,3,2,1,2,7,0
5,15,5,3,2,1,2,7,1
5,30,5,3,2,1,2,7,1
1,82,6,1,2,1,2,7,1
1,75,2,1,1,1,2,7,0
5,90,5,1,1,1,2,7,2
1,60,4,1,1,1,2,7,0
1,60,4,1,1,1,2,7,1
1,40,4,1,1,1,2,7,0
5,40,4,1,1,1,2,7,0
5,28,2,1,1,1,5,7,2
5,12,5,3,2,1,5,7,0
1,25,6,1,1,1,2,7,0
5,63,6,1,1,1,2,7,1
5,130,2,1,1,1,3,7,1
5,90,2,1,1,1,3,7,1
5,60,2,1,2,1,3,7,2
5,36,4,1,2,1,3,7,1
5,72,2,1,1,1,3,7,1
5,36,5,3,2,2,3,10,1
5,28,4,1,2,1,3,7,2
5,220,2,1,1,1,3,3,2
5,24,4,1,2,1,2,7,1
5,70,4,1,1,1,3,7,1
5,40,4,3,1,1,3,7,1
5,90,2,1,1,1,2,3,2
1,72,4,1,1,1,3,7,1
5,70,4,3,1,1,3,7,1
1,70,4,3,1,1,3,7,1
5,56,4,1,1,1,5,7,1
5,300,2,1,1,1,3,7,3
5,72,4,1,1,1,2,7,1
5,120,2,1,1,1,3,7,1
5,108,6,1,1,1,2,7,3
5,108,6,1,1,1,2,7,2
5,108,4,1,1,1,2,7,2
5,108,6,1,1,1,2,7,3
5,63,6,1,1,1,2,7,0
1,120,6,1,1,1,2,7,1
5,108,6,1,1,1,2,7,1
5,90,6,1,1,1,2,7,0
5,108,4,1,1,1,2,7,1
5,108,4,1,2,1,2,7,1
5,80,6,1,2,1,3,7,1
5,90,4,1,1,1,3,7,1
5,81,6,1,1,1,3,7,1
5,90,4,1,1,1,3,7,0
5,90,4,1,1,2,2,7,2
5,77,4,1,1,1,2,7,2
5,99,4,1,1,1,2,7,1
5,99,2,1,1,1,2,7,1
5,63,6,1,1,1,7,7,1
5,12,4,1,2,1,2,7,1
5,108,4,1,1,1,3,7,1
5,108,6,1,1,1,2,7,1
5,110,4,1,1,1,2,7,0
5,104,6,1,1,1,2,7,2
5,110,4,1,1,1,2,7,0
5,72,6,1,2,1,2,7,1
5,72,6,1,1,1,2,7,0
5,108,4,1,1,1,2,7,1
5,16,6,1,2,1,2,7,1
5,60,4,1,1,1,2,3,1
5,50,4,1,1,1,2,3,1
5,24,2,1,2,1,2,7,1
5,72,2,1,1,1,2,7,3
5,90,2,1,1,1,2,3,1
5,120,2,1,1,1,2,7,1
5,72,2,1,1,1,2,7,2
5,120,6,1,1,1,2,7,2
5,48,5,3,2,1,2,7,1
5,24,2,1,2,1,2,7,1
5,54,2,1,1,1,2,7,1
1,144,6,1,1,1,2,7,1
5,72,6,1,1,1,5,7,0
5,250,4,1,1,1,3,7,1
5,60,6,1,1,1,2,7,1
1,28,6,1,2,1,2,7,0
5,18,6,1,2,1,2,7,1
5,18,4,1,1,1,2,7,0
5,18,4,1,1,1,1,7,0
5,12,6,1,2,1,2,7,0
5,640,2,1,1,1,2,7,2
5,72,6,1,1,1,2,7,2
5,40,6,1,1,1,3,7,2
5,82,4,1,1,1,3,7,2
5,35,6,1,1,1,3,3,2
5,60,6,1,1,1,2,7,0
5,50,6,1,1,1,3,7,4
5,40,6,1,1,1,2,7,4
5,30,6,1,1,1,2,7,1
5,36,6,3,2,1,2,7,2
5,40,6,1,1,1,2,7,1
5,63,6,1,1,1,2,7,1
5,48,6,1,1,1,3,10,0
5,42,6,1,1,1,5,7,2
5,50,6,3,2,1,2,7,1
1,72,6,1,1,1,2,7,1
5,70,6,1,1,1,2,7,1
1,42,8,3,3,1,3,7,1
5,120,2,1,1,1,2,3,2
5,300,6,1,1,1,2,7,1
5,300,6,1,1,1,2,7,1
5,70,2,1,1,1,2,7,1
5,150,2,1,1,1,2,7,2
5,48,2,1,1,1,3,7,2
1,56,4,1,1,1,2,7,0
5,96,2,1,1,1,1,7,2
5,156,2,1,1,1,2,3,2
5,32,2,1,1,1,2,7,2
5,16,6,1,2,1,2,7,1
5,80,2,1,1,1,1,7,2
5,300,2,1,1,1,1,3,2
5,20,6,3,5,1,2,7,1
1,110,2,1,1,1,5,7,1
5,30,6,1,1,1,8,7,1
5,77,2,1,1,1,2,7,1
1,96,2,1,1,1,2,7,1
5,72,2,1,1,1,2,7,1
1,78,2,1,1,1,7,7,1
5,28,2,1,1,1,2,7,1
1,72,2,1,1,1,2,7,1
5,48,2,1,1,1,2,7,1
5,98,2,1,1,1,2,7,2
5,130,2,1,1,1,2,3,1
5,120,2,1,1,1,1,3,1
5,56,2,1,1,1,2,7,1
5,48,2,1,1,1,2,7,1
5,36,6,3,1,1,2,7,1
5,48,2,1,1,1,2,7,1
5,60,2,1,1,1,2,3,2
5,130,2,3,2,1,2,3,1
1,48,2,1,1,1,2,7,1
5,170,1,1,1,1,2,7,1
5,63,6,1,1,1,2,7,2
5,208,6,1,1,1,10,7,2
5,150,1,1,1,1,2,3,2
5,30,1,1,1,1,2,7,1
5,16,6,1,1,1,2,7,1
5,10,2,1,1,1,2,7,2
5,15,2,1,1,1,2,7,1
5,120,2,1,1,1,2,3,3
5,128,2,1,1,1,2,7,2
5,110,1,1,1,1,2,7,4
5,90,2,1,1,1,2,7,2
5,96,2,1,1,1,2,7,4
5,120,2,1,1,1,2,7,3
5,144,2,1,1,1,2,7,1
5,70,2,1,1,1,2,7,2
5,6,6,1,2,1,2,7,1
5,43,6,3,1,1,2,7,2
5,150,2,1,1,1,2,3,2
5,150,2,1,1,1,1,7,1
5,90,2,1,1,1,2,7,2
5,280,2,1,1,1,2,7,2
5,150,2,1,1,1,2,7,2
5,170,2,1,1,1,2,7,1
5,150,2,1,1,1,2,7,1
5,150,2,1,1,1,2,3,3
5,88,2,1,1,1,2,3,1
5,80,2,1,1,1,3,7,1
5,130,4,1,1,1,2,7,5
5,70,6,1,1,1,2,7,2
5,140,2,1,1,1,1,3,3
5,54,2,1,1,1,2,7,1
5,54,2,1,1,1,2,7,1
5,81,2,1,1,1,2,7,1
5,54,2,1,1,1,2,7,3
5,180,2,1,1,1,2,7,1
5,60,2,1,1,1,1,7,3
1,48,6,1,1,1,4,10,0
5,24,2,1,1,1,2,7,1
5,112,2,1,1,1,4,7,0
5,108,6,1,1,1,5,10,4
1,63,6,1,2,1,5,7,1
1,63,2,1,1,1,2,7,1
5,200,2,1,1,1,2,7,1
1,48,6,1,2,1,5,7,0
1,60,2,1,1,1,5,7,0
5,72,2,1,1,1,2,7,3
5,56,6,1,1,1,2,7,0
5,48,5,3,1,1,2,7,3
1,56,2,1,1,1,2,7,0
1,56,2,1,1,1,2,7,2
5,56,2,3,1,1,2,7,2
5,42,2,1,1,1,2,7,2
5,80,2,1,1,1,2,7,3
1,48,5,3,1,1,6,7,0
5,48,6,1,2,1,2,7,2
5,56,6,1,2,1,2,7,0
5,18,2,1,2,1,2,0,0
1,56,2,1,1,1,2,7,0
1,72,6,1,1,1,4,7,0
1,45,6,1,1,1,5,7,4
1,81,6,1,1,1,2,7,0
1,108,6,1,1,1,6,7,6
1,64,6,1,1,1,2,7,3
5,42,2,1,1,1,2,7,1
1,90,2,1,1,1,2,7,2
5,80,6,1,1,1,2,7,2
1,49,2,1,1,1,4,7,1
1,80,5,3,5,1,10,7,1
1,48,5,3,5,1,2,10,0
1,96,5,3,5,1,10,10,3
1,54,6,1,1,1,2,7,0
1,48,5,3,5,2,10,7,0
1,72,5,3,5,1,7,10,2
5,42,5,3,5,1,7,7,0
1,42,5,3,5,1,7,10,0
5,72,2,1,1,1,2,7,3
1,36,5,3,5,2,10,7,0
5,80,6,1,1,1,2,7,0
5,98,4,1,1,1,2,7,0
5,120,4,1,1,1,2,7,1
5,24,8,1,1,1,2,7,0
5,24,6,1,1,1,2,7,0
5,72,6,1,1,1,2,7,0
5,160,4,1,1,1,2,7,2
5,12,5,3,2,1,2,7,0
5,24,4,1,2,1,2,7,1
5,12,6,1,2,1,2,7,0
1,32,5,3,1,1,3,7,0
1,48,5,3,1,1,2,7,1
1,35,5,3,1,1,2,7,1
5,48,6,1,1,1,1,3,1
5,48,6,1,1,1,1,7,1
5,70,4,1,1,1,2,3,2
1,48,6,1,1,1,1,7,1
5,32,4,1,1,1,2,7,1
5,40,4,1,1,1,1,7,1
5,40,6,1,1,1,2,7,1
5,48,4,1,1,1,2,7,1
5,48,6,1,1,1,2,7,0
5,25,6,1,3,1,3,7,0
5,20,6,1,3,1,2,7,1
5,80,4,1,1,1,2,7,1
1,48,6,3,3,1,2,7,0
5,42,6,1,1,1,2,7,1
1,42,6,1,1,1,2,7,0
1,32,6,3,3,1,10,7,0
1,30,6,1,3,1,2,7,0
5,68,4,1,1,1,3,7,0
5,84,6,1,1,1,3,7,2
5,42,6,1,2,1,2,7,0
5,48,6,1,1,1,2,0,2
5,40,6,1,1,1,2,7,1
5,40,6,1,1,1,2,0,0
5,156,4,1,1,1,2,7,3
5,48,6,1,1,1,2,7,0
5,168,5,3,1,1,2,7,0
5,18,6,1,1,1,2,0,0
